source_group,year,file_type,source_page_url,direct_download_url,local_path,file_format,http_status,download_success,file_size_bytes,checksum_sha256,date_downloaded,notes
oep_puf,2019,State-Level OEP PUF,https://www.cms.gov/data-research/statistics-trends-and-reports/marketplace-products/2019-marketplace-open-enrollment-period-public-use-files,https://www.cms.gov/research-statistics-data-and-systems/statistics-trends-and-reports/marketplace-products/downloads/2019oepstatelevelpublicusefile.zip,data\raw\oep_puf\2019\2019oepstatelevelpublicusefile.zip,zip,200,True,205186,638d31007b4b0165828227feb85cae162d9bffb3d5fb00026b8077d8a6fe365c,2026-05-26T16:38:03+00:00,Discovered from official CMS OEP PUF page.
oep_puf,2019,County-Level OEP PUF,https://www.cms.gov/data-research/statistics-trends-and-reports/marketplace-products/2019-marketplace-open-enrollment-period-public-use-files,https://www.cms.gov/research-statistics-data-and-systems/statistics-trends-and-reports/marketplace-products/downloads/2019oepcountylevelpublicusefile.zip,data\raw\oep_puf\2019\2019oepcountylevelpublicusefile.zip,zip,200,True,1716581,d374ac5a7f33d8e21f66d132204214744329793b6a8984c8ef15139f0d129745,2026-05-26T16:38:07+00:00,Discovered from official CMS OEP PUF page.
oep_puf,2020,State-Level OEP PUF,https://www.cms.gov/data-research/statistics-trends-and-reports/marketplace-products/2020-marketplace-open-enrollment-period-public-use-files,https://www.cms.gov/files/zip/2020-oep-state-level-public-use-file.zip,data\raw\oep_puf\2020\2020-oep-state-level-public-use-file.zip,zip,200,True,13759,56615a6ecd64d29eb08c3f3aa2cf15734b8304eb1b37f3a30aa2c5ef2ba361a0,2026-05-26T16:38:10+00:00,Discovered from official CMS OEP PUF page.
oep_puf,2020,"State, Metal Level, and Enrollment Status OEP PUF",https://www.cms.gov/data-research/statistics-trends-and-reports/marketplace-products/2020-marketplace-open-enrollment-period-public-use-files,https://www.cms.gov/files/zip/2020-oep-state-metal-level-and-enrollment-status-public-use-file.zip,data\raw\oep_puf\2020\2020-oep-state-metal-level-and-enrollment-status-public-use-file.zip,zip,200,True,17265,353080aafd16c4bb764c4779f2fa70d03988abab0491d7df729f4ae548379ce8,2026-05-26T16:38:11+00:00,Discovered from official CMS OEP PUF page.
oep_puf,2020,County-Level OEP PUF,https://www.cms.gov/data-research/statistics-trends-and-reports/marketplace-products/2020-marketplace-open-enrollment-period-public-use-files,https://www.cms.gov/files/zip/2020-oep-county-level-public-use-file.zip,data\raw\oep_puf\2020\2020-oep-county-level-public-use-file.zip,zip,200,True,286774,e768c24baf1ed345ea01c37f70cd317662e58ad2a7234ffc17f95c4603c4a86b,2026-05-26T16:38:14+00:00,Discovered from official CMS OEP PUF page.
oep_puf,2020,Public Use Files Definitions PDF,https://www.cms.gov/data-research/statistics-trends-and-reports/marketplace-products/2020-marketplace-open-enrollment-period-public-use-files,https://www.cms.gov/files/document/2020-public-use-files-definitions.pdf,data\raw\oep_puf\2020\2020-public-use-files-definitions.pdf,pdf,200,True,603767,2058bc95d3e1d9a09b7c731713ab0dbe9e3540070c650617e8f49cb88372582d,2026-05-26T16:38:17+00:00,Discovered from official CMS OEP PUF page.
oep_puf,2020,Public Use Files FAQs PDF,https://www.cms.gov/data-research/statistics-trends-and-reports/marketplace-products/2020-marketplace-open-enrollment-period-public-use-files,https://www.cms.gov/files/document/2020-public-use-files-faqs.pdf,data\raw\oep_puf\2020\2020-public-use-files-faqs.pdf,pdf,200,True,668716,dec99dfe4f17a23220201c09ebff6c127763fdccd3932d0cc5dcd3100fd5d3e1,2026-05-26T16:38:19+00:00,Discovered from official CMS OEP PUF page.
oep_puf,2021,State-Level OEP PUF,https://www.cms.gov/data-research/statistics-trends-reports/marketplace-products/2021-marketplace-open-enrollment-period-public-use-files,https://www.cms.gov/files/zip/2021-oep-state-level-public-use-file.zip,data\raw\oep_puf\2021\2021-oep-state-level-public-use-file.zip,zip,200,True,13579,fa14409a30923b30d09789a498f3643943ca3a9fda17ad19c3a906ac4371e76b,2026-05-26T16:38:22+00:00,Discovered from official CMS OEP PUF page.
oep_puf,2021,"State, Metal Level, and Enrollment Status OEP PUF",https://www.cms.gov/data-research/statistics-trends-reports/marketplace-products/2021-marketplace-open-enrollment-period-public-use-files,https://www.cms.gov/files/zip/2021-oep-state-metal-level-and-enrollment-status-public-use-file.zip,data\raw\oep_puf\2021\2021-oep-state-metal-level-and-enrollment-status-public-use-file.zip,zip,200,True,19378,ab0e44f76ad5c3ad295ead3e66d32295131f61efea23cb443686d2c3f235e06e,2026-05-26T16:38:25+00:00,Discovered from official CMS OEP PUF page.
oep_puf,2021,County-Level OEP PUF,https://www.cms.gov/data-research/statistics-trends-reports/marketplace-products/2021-marketplace-open-enrollment-period-public-use-files,https://www.cms.gov/files/zip/2021-oep-county-level-public-use-file.zip,data\raw\oep_puf\2021\2021-oep-county-level-public-use-file.zip,zip,200,True,273083,90122d1d6d41daa5258f924cee968c6b63f668fe30d3bd071ad626f85e950d69,2026-05-26T16:38:27+00:00,Discovered from official CMS OEP PUF page.
oep_puf,2021,Public Use Files Definitions PDF,https://www.cms.gov/data-research/statistics-trends-reports/marketplace-products/2021-marketplace-open-enrollment-period-public-use-files,https://www.cms.gov/files/document/2021-public-use-files-definitions.pdf,data\raw\oep_puf\2021\2021-public-use-files-definitions.pdf,pdf,200,True,598745,fc5e2d4d2b6714b20f8f7647b6fc4504e901c0d62ae068dd7a180c6f20c93b6e,2026-05-26T16:38:29+00:00,Discovered from official CMS OEP PUF page.
oep_puf,2021,Public Use Files FAQs PDF,https://www.cms.gov/data-research/statistics-trends-reports/marketplace-products/2021-marketplace-open-enrollment-period-public-use-files,https://www.cms.gov/files/document/2021-public-use-files-faqs.pdf,data\raw\oep_puf\2021\2021-public-use-files-faqs.pdf,pdf,200,True,777767,f7a960e7115105954b10ba1866acfdbddf1540c8e09b82baecdb343832bc596e,2026-05-26T16:38:31+00:00,Discovered from official CMS OEP PUF page.
oep_puf,2022,State-Level OEP PUF,https://www.cms.gov/data-research/statistics-trends-reports/marketplace-products/2022-marketplace-open-enrollment-period-public-use-files,https://www.cms.gov/files/zip/2022-oep-state-level-public-use-file.zip,data\raw\oep_puf\2022\2022-oep-state-level-public-use-file.zip,zip,200,True,224915,3320838bbb87b547efed0677b63302e2e783d70730dd1a732d69972b73890230,2026-05-26T16:38:34+00:00,Discovered from official CMS OEP PUF page.
oep_puf,2022,"State, Metal Level, and Enrollment Status OEP PUF",https://www.cms.gov/data-research/statistics-trends-reports/marketplace-products/2022-marketplace-open-enrollment-period-public-use-files,https://www.cms.gov/files/zip/2022-oep-state-metal-level-and-enrollment-status-public-use-file.zip,data\raw\oep_puf\2022\2022-oep-state-metal-level-and-enrollment-status-public-use-file.zip,zip,200,True,265910,5db6ff06ec11f526075b28adbc87eceff1bc3a81b299996c29517149855c3cd6,2026-05-26T16:38:38+00:00,Discovered from official CMS OEP PUF page.
oep_puf,2022,County-Level OEP PUF,https://www.cms.gov/data-research/statistics-trends-reports/marketplace-products/2022-marketplace-open-enrollment-period-public-use-files,https://www.cms.gov/files/zip/2022-oep-county-level-public-use-file.zip,data\raw\oep_puf\2022\2022-oep-county-level-public-use-file.zip,zip,200,True,1771025,02f8c41e014e49bf72273e9a0736da9df5c64f84920a8103b31b9fef6e8c1972,2026-05-26T16:38:40+00:00,Discovered from official CMS OEP PUF page.
oep_puf,2022,Public Use Files Definitions PDF,https://www.cms.gov/data-research/statistics-trends-reports/marketplace-products/2022-marketplace-open-enrollment-period-public-use-files,https://www.cms.gov/files/document/2022-public-use-files-definitions.pdf,data\raw\oep_puf\2022\2022-public-use-files-definitions.pdf,pdf,200,True,266716,165070b1ef5131229648216508e6f40a2c44048fbbe99b3bdba5ee7a22860b36,2026-05-26T16:38:42+00:00,Discovered from official CMS OEP PUF page.
oep_puf,2022,Public Use Files FAQs PDF,https://www.cms.gov/data-research/statistics-trends-reports/marketplace-products/2022-marketplace-open-enrollment-period-public-use-files,https://www.cms.gov/files/document/2022-public-use-files-faqs.pdf,data\raw\oep_puf\2022\2022-public-use-files-faqs.pdf,pdf,200,True,309365,5cafa99fda445e27303cc3d7088624d0d40920da2d389366c644c1090baca0d5,2026-05-26T16:38:45+00:00,Discovered from official CMS OEP PUF page.
oep_puf,2023,State-Level OEP PUF,https://www.cms.gov/data-research/statistics-trends-reports/marketplace-products/2023-marketplace-open-enrollment-period-public-use-files,https://www.cms.gov/files/zip/2023-oep-state-level-public-use-file.zip,data\raw\oep_puf\2023\2023-oep-state-level-public-use-file.zip,zip,200,True,94804,74f3bad07363886f0a87c839309d98140cbaf3dd033d88545fdcd5b2ccb9e11f,2026-05-26T16:38:47+00:00,Discovered from official CMS OEP PUF page.
oep_puf,2023,"State, Metal Level, and Enrollment Status OEP PUF",https://www.cms.gov/data-research/statistics-trends-reports/marketplace-products/2023-marketplace-open-enrollment-period-public-use-files,https://www.cms.gov/files/zip/2023-oep-state-metal-level-and-enrollment-status-public-use-file.zip,data\raw\oep_puf\2023\2023-oep-state-metal-level-and-enrollment-status-public-use-file.zip,zip,200,True,151697,4a0e767b02d825289b9c220976b5863d37ebf87da08871ee0f2fb4745ce9df89,2026-05-26T16:38:49+00:00,Discovered from official CMS OEP PUF page.
oep_puf,2023,County-Level OEP PUF,https://www.cms.gov/data-research/statistics-trends-reports/marketplace-products/2023-marketplace-open-enrollment-period-public-use-files,https://www.cms.gov/files/zip/2023-oep-county-level-public-use-file.zip,data\raw\oep_puf\2023\2023-oep-county-level-public-use-file.zip,zip,200,True,1793906,4421d25d1c6dbb26757c1f307d1a1fd46e47a8de9086b218ed5e68b6e76e855a,2026-05-26T16:38:51+00:00,Discovered from official CMS OEP PUF page.
oep_puf,2023,Public Use Files Definitions PDF,https://www.cms.gov/data-research/statistics-trends-reports/marketplace-products/2023-marketplace-open-enrollment-period-public-use-files,https://www.cms.gov/files/document/2023-public-use-files-definitions.pdf,data\raw\oep_puf\2023\2023-public-use-files-definitions.pdf,pdf,200,True,271307,9915fdb5270b1c1d2522c55f5ed1c984b874d41963703ddf669d81c663b279b0,2026-05-26T16:38:53+00:00,Discovered from official CMS OEP PUF page.
oep_puf,2023,Public Use Files FAQs PDF,https://www.cms.gov/data-research/statistics-trends-reports/marketplace-products/2023-marketplace-open-enrollment-period-public-use-files,https://www.cms.gov/files/document/2023-public-use-files-faqs.pdf,data\raw\oep_puf\2023\2023-public-use-files-faqs.pdf,pdf,200,True,295999,c9e2637a1a913f19b9b06f177318304e527bfb495d158ca9fcadad067b173162,2026-05-26T16:38:55+00:00,Discovered from official CMS OEP PUF page.
oep_puf,2024,State-Level OEP PUF,https://www.cms.gov/data-research/statistics-trends-reports/marketplace-products/2024-marketplace-open-enrollment-period-public-use-files,https://www.cms.gov/files/zip/2024-oep-state-level-public-use-file.zip,data\raw\oep_puf\2024\2024-oep-state-level-public-use-file.zip,zip,200,True,93025,8b98f8816c1769beff243cd64204ef2c431283c0ad21784196e2666777a6b5d9,2026-05-26T16:38:57+00:00,Discovered from official CMS OEP PUF page.
oep_puf,2024,"State, Metal Level, and Enrollment Status OEP PUF",https://www.cms.gov/data-research/statistics-trends-reports/marketplace-products/2024-marketplace-open-enrollment-period-public-use-files,https://www.cms.gov/files/zip/2024-oep-state-metal-level-and-enrollment-status-public-use-file.zip,data\raw\oep_puf\2024\2024-oep-state-metal-level-and-enrollment-status-public-use-file.zip,zip,200,True,148140,315650514d83cc6c4e6ba1a9a8eb28a230e2290688c0cf65b78fd5d366c020ee,2026-05-26T16:39:00+00:00,Discovered from official CMS OEP PUF page.
oep_puf,2024,County-Level OEP PUF,https://www.cms.gov/data-research/statistics-trends-reports/marketplace-products/2024-marketplace-open-enrollment-period-public-use-files,https://www.cms.gov/files/zip/2024-oep-county-level-public-use-file.zip,data\raw\oep_puf\2024\2024-oep-county-level-public-use-file.zip,zip,200,True,1744456,5a368167bb84db8e64ab05f54ace5887e2290f5a9b30f7a5842d0253b11ef7b3,2026-05-26T16:39:02+00:00,Discovered from official CMS OEP PUF page.
oep_puf,2024,Public Use Files Definitions PDF,https://www.cms.gov/data-research/statistics-trends-reports/marketplace-products/2024-marketplace-open-enrollment-period-public-use-files,https://www.cms.gov/files/document/2024-public-use-files-definitions.pdf,data\raw\oep_puf\2024\2024-public-use-files-definitions.pdf,pdf,200,True,285019,04dd09a836b04e32298c76b4a83377dce51e19757a34ea8952c16de5b4d4ddf1,2026-05-26T16:39:05+00:00,Discovered from official CMS OEP PUF page.
oep_puf,2024,Public Use Files FAQs PDF,https://www.cms.gov/data-research/statistics-trends-reports/marketplace-products/2024-marketplace-open-enrollment-period-public-use-files,https://www.cms.gov/files/document/2024-public-use-files-faqs.pdf,data\raw\oep_puf\2024\2024-public-use-files-faqs.pdf,pdf,200,True,295725,7b353c2ee4b6e5c0b00c9400686e62b5d19551aa1ed0e84815163b5e4e76fa2d,2026-05-26T16:39:07+00:00,Discovered from official CMS OEP PUF page.
oep_puf,2025,State-Level OEP PUF,https://www.cms.gov/data-research/statistics-trends-reports/marketplace-products/2025-marketplace-open-enrollment-period-public-use-files,https://www.cms.gov/files/zip/2025-oep-state-level-public-use-file.zip,data\raw\oep_puf\2025\2025-oep-state-level-public-use-file.zip,zip,200,True,99029,4538f7f8797b1957fe50fa8834fc5eb5c6816ea5ea5d0acf74e84bdbf563c5c3,2026-05-26T16:39:10+00:00,Discovered from official CMS OEP PUF page.
oep_puf,2025,"State, Metal Level, and Enrollment Status OEP PUF",https://www.cms.gov/data-research/statistics-trends-reports/marketplace-products/2025-marketplace-open-enrollment-period-public-use-files,https://www.cms.gov/files/zip/2025-oep-state-metal-level-and-enrollment-status-public-use-file.zip,data\raw\oep_puf\2025\2025-oep-state-metal-level-and-enrollment-status-public-use-file.zip,zip,200,True,153300,36cfcdc601f1d573a3e02a1884c271f8ef14748352e10f3eab04d3a0dcc49f1c,2026-05-26T16:39:13+00:00,Discovered from official CMS OEP PUF page.
oep_puf,2025,County-Level OEP PUF,https://www.cms.gov/data-research/statistics-trends-reports/marketplace-products/2025-marketplace-open-enrollment-period-public-use-files,https://www.cms.gov/files/zip/2025-oep-county-level-public-use-file.zip,data\raw\oep_puf\2025\2025-oep-county-level-public-use-file.zip,zip,200,True,1668688,adb076c62020ddf1bdf56d5008de3da3aa4220e4098988cee66c36618ed87ff9,2026-05-26T16:39:15+00:00,Discovered from official CMS OEP PUF page.
oep_puf,2025,Public Use Files Definitions PDF,https://www.cms.gov/data-research/statistics-trends-reports/marketplace-products/2025-marketplace-open-enrollment-period-public-use-files,https://www.cms.gov/files/document/2025-public-use-files-definitions.pdf,data\raw\oep_puf\2025\2025-public-use-files-definitions.pdf,pdf,200,True,285018,33896316fe5f1b376f8a113b41d3f2889835f18eae02663640911b5977eda73c,2026-05-26T16:39:19+00:00,Discovered from official CMS OEP PUF page.
oep_puf,2025,Public Use Files FAQs PDF,https://www.cms.gov/data-research/statistics-trends-reports/marketplace-products/2025-marketplace-open-enrollment-period-public-use-files,https://www.cms.gov/files/document/2025-public-use-files-faqs.pdf,data\raw\oep_puf\2025\2025-public-use-files-faqs.pdf,pdf,200,True,172293,4a282d3cef02d3faf161fb078621852ef23ff2e931e61fea3c821b960f538684,2026-05-26T16:39:21+00:00,Discovered from official CMS OEP PUF page.
oep_puf,2026,State-Level OEP PUF,https://www.cms.gov/data-research/statistics-trends-reports/marketplace-products/2026-marketplace-open-enrollment-period-public-use-files,https://www.cms.gov/files/zip/2026-oep-state-level-public-use-file.zip,data\raw\oep_puf\2026\2026-oep-state-level-public-use-file.zip,zip,200,True,140039,11555f328f4df04f52b9c2c833bfb5710d50d48bbf45ef6c09d10274ef5cfefe,2026-05-26T16:39:24+00:00,Discovered from official CMS OEP PUF page.
oep_puf,2026,"State, Metal Level, and Enrollment Status OEP PUF",https://www.cms.gov/data-research/statistics-trends-reports/marketplace-products/2026-marketplace-open-enrollment-period-public-use-files,https://www.cms.gov/files/zip/2026-oep-state-metal-level-enrollment-status-public-use-file.zip,data\raw\oep_puf\2026\2026-oep-state-metal-level-enrollment-status-public-use-file.zip,zip,200,True,231379,9e2ac2dafb880670c7e54ccd6c5d2c558c257e43fbd0eebf94923b36fd68acff,2026-05-26T16:39:26+00:00,Discovered from official CMS OEP PUF page.
oep_puf,2026,County-Level OEP PUF,https://www.cms.gov/data-research/statistics-trends-reports/marketplace-products/2026-marketplace-open-enrollment-period-public-use-files,https://www.cms.gov/files/zip/2026-oep-county-level-public-use-file.zip,data\raw\oep_puf\2026\2026-oep-county-level-public-use-file.zip,zip,200,True,2083899,020e6531b06497f0d6abe9d107f1eca810a434b98da694bf26f6e734d85f81e9,2026-05-26T16:39:29+00:00,Discovered from official CMS OEP PUF page.
oep_puf,2026,Public Use Files Definitions PDF,https://www.cms.gov/data-research/statistics-trends-reports/marketplace-products/2026-marketplace-open-enrollment-period-public-use-files,https://www.cms.gov/files/document/2026-public-use-files-definitions.pdf,data\raw\oep_puf\2026\2026-public-use-files-definitions.pdf,pdf,200,True,293821,de1446045dd0bb5cdb4d103059dbf9e3f5c5ac02390680fddac3c05a1034c4d6,2026-05-26T16:39:32+00:00,Discovered from official CMS OEP PUF page.
oep_puf,2026,Public Use Files FAQs PDF,https://www.cms.gov/data-research/statistics-trends-reports/marketplace-products/2026-marketplace-open-enrollment-period-public-use-files,https://www.cms.gov/files/document/2026-public-use-files-faqs.pdf,data\raw\oep_puf\2026\2026-public-use-files-faqs.pdf,pdf,200,True,230790,7a6fb482ced2eb0f3f9ccdc7287ae5d3dfda98eb13be2e97cec2a7e04812ac0b,2026-05-26T16:39:35+00:00,Discovered from official CMS OEP PUF page.
exchange_puf,2019,Rate PUF,https://www.cms.gov/marketplace/resources/data/public-use-files,https://download.cms.gov/marketplace-puf/2019/rate-puf.zip,data\raw\exchange_puf\2019\rate-puf.zip,zip,200,True,12128641,4f58b1c7f56453d0bd7486488ebfc21695dc294f87ce2f272411aebe1bec1966,2026-05-26T16:39:38+00:00,Official CMS Exchange PUF direct URL pattern.
exchange_puf,2019,Plan Attributes PUF,https://www.cms.gov/marketplace/resources/data/public-use-files,https://download.cms.gov/marketplace-puf/2019/plan-attributes-puf.zip,data\raw\exchange_puf\2019\plan-attributes-puf.zip,zip,200,True,833850,b52b4d9448ec5c213e11d213facd758182743be216e95bf4634eefb495a76450,2026-05-26T16:39:44+00:00,Official CMS Exchange PUF direct URL pattern.
exchange_puf,2019,Service Area PUF,https://www.cms.gov/marketplace/resources/data/public-use-files,https://download.cms.gov/marketplace-puf/2019/service-area-puf.zip,data\raw\exchange_puf\2019\service-area-puf.zip,zip,200,True,57477,10b82f9f3b4e6528e21edd05d9694fc22bb4de52fef77afd1d55a896b9a697d7,2026-05-26T16:39:47+00:00,Official CMS Exchange PUF direct URL pattern.
exchange_puf,2019,Plan ID Crosswalk PUF,https://www.cms.gov/marketplace/resources/data/public-use-files,https://download.cms.gov/marketplace-puf/2019/plan-id-crosswalk-puf.zip,data\raw\exchange_puf\2019\plan-id-crosswalk-puf.zip,zip,200,True,353759,2bbe8eb235222dd04f3789ca449a20276fcae3fdb44d489756dead6bfd7569cc,2026-05-26T16:39:50+00:00,Official CMS Exchange PUF direct URL pattern.
exchange_puf,2020,Rate PUF,https://www.cms.gov/marketplace/resources/data/public-use-files,https://download.cms.gov/marketplace-puf/2020/rate-puf.zip,data\raw\exchange_puf\2020\rate-puf.zip,zip,200,True,12392451,c9a3e753caa63cdaf98e59e0f417fc5d58aa7d20785a9ea6870e2690422080e1,2026-05-26T16:39:53+00:00,Official CMS Exchange PUF direct URL pattern.
exchange_puf,2020,Plan Attributes PUF,https://www.cms.gov/marketplace/resources/data/public-use-files,https://download.cms.gov/marketplace-puf/2020/plan-attributes-puf.zip,data\raw\exchange_puf\2020\plan-attributes-puf.zip,zip,200,True,1078339,f35aa8ef9af8436c35794639f9d75875d604acaede8fecda713986945e6871fb,2026-05-26T16:39:56+00:00,Official CMS Exchange PUF direct URL pattern.
exchange_puf,2020,Service Area PUF,https://www.cms.gov/marketplace/resources/data/public-use-files,https://download.cms.gov/marketplace-puf/2020/service-area-puf.zip,data\raw\exchange_puf\2020\service-area-puf.zip,zip,200,True,61631,d3248ca613062f6322ad10c54ea31079510916668e06343907f19a1f82bb5104,2026-05-26T16:40:00+00:00,Official CMS Exchange PUF direct URL pattern.
exchange_puf,2020,Plan ID Crosswalk PUF,https://www.cms.gov/marketplace/resources/data/public-use-files,https://download.cms.gov/marketplace-puf/2020/plan-id-crosswalk-puf.zip,data\raw\exchange_puf\2020\plan-id-crosswalk-puf.zip,zip,200,True,364704,427ea07a4397038b344dd532ca4c56ac91bebed2d6889e7904b245974c78cbd3,2026-05-26T16:40:02+00:00,Official CMS Exchange PUF direct URL pattern.
exchange_puf,2021,Rate PUF,https://www.cms.gov/marketplace/resources/data/public-use-files,https://download.cms.gov/marketplace-puf/2021/rate-puf.zip,data\raw\exchange_puf\2021\rate-puf.zip,zip,200,True,15201799,3b3a4d13566c91f6e3fe43f444c2b09cb900ee5a64bbdee35637a816d306f516,2026-05-26T16:40:04+00:00,Official CMS Exchange PUF direct URL pattern.
exchange_puf,2021,Plan Attributes PUF,https://www.cms.gov/marketplace/resources/data/public-use-files,https://download.cms.gov/marketplace-puf/2021/plan-attributes-puf.zip,data\raw\exchange_puf\2021\plan-attributes-puf.zip,zip,200,True,1167753,60518d5906b1b812dad89b272ec8d5c293fc3946611802214e663ace51a1b8d0,2026-05-26T16:40:08+00:00,Official CMS Exchange PUF direct URL pattern.
exchange_puf,2021,Service Area PUF,https://www.cms.gov/marketplace/resources/data/public-use-files,https://download.cms.gov/marketplace-puf/2021/service-area-puf.zip,data\raw\exchange_puf\2021\service-area-puf.zip,zip,200,True,61611,64c1c95ddbc2bc50ce807bb6654bd5566e1484d74fd80156162e1f31bfea263c,2026-05-26T16:40:12+00:00,Official CMS Exchange PUF direct URL pattern.
exchange_puf,2021,Plan ID Crosswalk PUF,https://www.cms.gov/marketplace/resources/data/public-use-files,https://download.cms.gov/marketplace-puf/2021/plan-id-crosswalk-puf.zip,data\raw\exchange_puf\2021\plan-id-crosswalk-puf.zip,zip,200,True,415281,03a2e20a3969d3f0484db7979accf6aaa8445c67ed9c0838d58a36fe358bb62a,2026-05-26T16:40:15+00:00,Official CMS Exchange PUF direct URL pattern.
exchange_puf,2022,Rate PUF,https://www.cms.gov/marketplace/resources/data/public-use-files,https://download.cms.gov/marketplace-puf/2022/rate-puf.zip,data\raw\exchange_puf\2022\rate-puf.zip,zip,200,True,20041168,e802fa5606bbc280f8c078ec65d9e8496ea59413ea22a07dcd9c4d85bd870c5b,2026-05-26T16:40:18+00:00,Official CMS Exchange PUF direct URL pattern.
exchange_puf,2022,Plan Attributes PUF,https://www.cms.gov/marketplace/resources/data/public-use-files,https://download.cms.gov/marketplace-puf/2022/plan-attributes-puf.zip,data\raw\exchange_puf\2022\plan-attributes-puf.zip,zip,200,True,1434626,1a0fdde699744ef3de2696c8dca0c67132333fe945954a8db8cff78db1329847,2026-05-26T16:40:24+00:00,Official CMS Exchange PUF direct URL pattern.
exchange_puf,2022,Service Area PUF,https://www.cms.gov/marketplace/resources/data/public-use-files,https://download.cms.gov/marketplace-puf/2022/service-area-puf.zip,data\raw\exchange_puf\2022\service-area-puf.zip,zip,200,True,68766,832f6eb8c8858cb1b1d99dc10c6019f8aaab87b4636a6e6345354e64a671be14,2026-05-26T16:40:28+00:00,Official CMS Exchange PUF direct URL pattern.
exchange_puf,2022,Plan ID Crosswalk PUF,https://www.cms.gov/marketplace/resources/data/public-use-files,https://download.cms.gov/marketplace-puf/2022/plan-id-crosswalk-puf.zip,data\raw\exchange_puf\2022\plan-id-crosswalk-puf.zip,zip,200,True,468309,debc7887fbc26fdddd74ad059a56df5ff2c4b3d3825b4ca668f16ca5425d5465,2026-05-26T16:40:31+00:00,Official CMS Exchange PUF direct URL pattern.
exchange_puf,2023,Rate PUF,https://www.cms.gov/marketplace/resources/data/public-use-files,https://download.cms.gov/marketplace-puf/2023/rate-puf.zip,data\raw\exchange_puf\2023\rate-puf.zip,zip,200,True,20497409,2676dfd73b02aa3c5e73ef6c92d19d70aebeab69693bbafc045e283620a0b4f6,2026-05-26T16:40:34+00:00,Official CMS Exchange PUF direct URL pattern.
exchange_puf,2023,Plan Attributes PUF,https://www.cms.gov/marketplace/resources/data/public-use-files,https://download.cms.gov/marketplace-puf/2023/plan-attributes-puf.zip,data\raw\exchange_puf\2023\plan-attributes-puf.zip,zip,200,True,1536445,f8df96bbbd40ffabb1e96b960b68be1277855f13e2bcd8899f844b1668bf1ade,2026-05-26T16:40:38+00:00,Official CMS Exchange PUF direct URL pattern.
exchange_puf,2023,Service Area PUF,https://www.cms.gov/marketplace/resources/data/public-use-files,https://download.cms.gov/marketplace-puf/2023/service-area-puf.zip,data\raw\exchange_puf\2023\service-area-puf.zip,zip,200,True,66937,52f0d54af0066b7f290b0437e2fe0eb36dc66e119718090e708acc4c12cece41,2026-05-26T16:40:42+00:00,Official CMS Exchange PUF direct URL pattern.
exchange_puf,2023,Plan ID Crosswalk PUF,https://www.cms.gov/marketplace/resources/data/public-use-files,https://download.cms.gov/marketplace-puf/2023/plan-id-crosswalk-puf.zip,data\raw\exchange_puf\2023\plan-id-crosswalk-puf.zip,zip,200,True,621761,47f7054455403ec846b376abd2343ff46debadc09365ade8d54da04e6ae65eed,2026-05-26T16:40:45+00:00,Official CMS Exchange PUF direct URL pattern.
exchange_puf,2024,Rate PUF,https://www.cms.gov/marketplace/resources/data/public-use-files,https://download.cms.gov/marketplace-puf/2024/rate-puf.zip,data\raw\exchange_puf\2024\rate-puf.zip,zip,200,True,17405682,b3b440b7eb50adf1d9172139ad79aef630d1d12ad856e57080a226357555ee25,2026-05-26T16:40:48+00:00,Official CMS Exchange PUF direct URL pattern.
exchange_puf,2024,Plan Attributes PUF,https://www.cms.gov/marketplace/resources/data/public-use-files,https://download.cms.gov/marketplace-puf/2024/plan-attributes-puf.zip,data\raw\exchange_puf\2024\plan-attributes-puf.zip,zip,200,True,1126804,8630732e2abe79d01f191e0463a3a2ac4de1ace4bdf1ddab404270752115e095,2026-05-26T16:40:54+00:00,Official CMS Exchange PUF direct URL pattern.
exchange_puf,2024,Service Area PUF,https://www.cms.gov/marketplace/resources/data/public-use-files,https://download.cms.gov/marketplace-puf/2024/service-area-puf.zip,data\raw\exchange_puf\2024\service-area-puf.zip,zip,200,True,57175,24eb357b1cff4f439d7428303cbf79fa11e541e9782cbea2745b401dd080f64f,2026-05-26T16:40:57+00:00,Official CMS Exchange PUF direct URL pattern.
exchange_puf,2024,Plan ID Crosswalk PUF,https://www.cms.gov/marketplace/resources/data/public-use-files,https://download.cms.gov/marketplace-puf/2024/plan-id-crosswalk-puf.zip,data\raw\exchange_puf\2024\plan-id-crosswalk-puf.zip,zip,200,True,788734,f93fb3225baec92c69bbf972be91daabfbe8af7399371eb1818cf4346da0e615,2026-05-26T16:41:00+00:00,Official CMS Exchange PUF direct URL pattern.
exchange_puf,2025,Rate PUF,https://www.cms.gov/marketplace/resources/data/public-use-files,https://download.cms.gov/marketplace-puf/2025/rate-puf.zip,data\raw\exchange_puf\2025\rate-puf.zip,zip,200,True,16268291,e39654a2f2d002e81a5fb5cbf795151ba55346b54f83bf906756889df69d42b0,2026-05-26T16:41:03+00:00,Official CMS Exchange PUF direct URL pattern.
exchange_puf,2025,Plan Attributes PUF,https://www.cms.gov/marketplace/resources/data/public-use-files,https://download.cms.gov/marketplace-puf/2025/plan-attributes-puf.zip,data\raw\exchange_puf\2025\plan-attributes-puf.zip,zip,200,True,1070786,dcfe14c4be25c2db9d00e1fb013c83ae26af46bee49e889accc711325ef45a13,2026-05-26T16:41:08+00:00,Official CMS Exchange PUF direct URL pattern.
exchange_puf,2025,Service Area PUF,https://www.cms.gov/marketplace/resources/data/public-use-files,https://download.cms.gov/marketplace-puf/2025/service-area-puf.zip,data\raw\exchange_puf\2025\service-area-puf.zip,zip,200,True,52977,5b47635632b179253bf69a6e965406452845b93ae102e374f0bc5aa100d8cc82,2026-05-26T16:41:09+00:00,Official CMS Exchange PUF direct URL pattern.
exchange_puf,2025,Plan ID Crosswalk PUF,https://www.cms.gov/marketplace/resources/data/public-use-files,https://download.cms.gov/marketplace-puf/2025/plan-id-crosswalk-puf.zip,data\raw\exchange_puf\2025\plan-id-crosswalk-puf.zip,zip,200,True,626203,08145d209b2e73a474721f92b9af9943435e0d404c5c8c45e288c00d6297cc8f,2026-05-26T16:41:12+00:00,Official CMS Exchange PUF direct URL pattern.
exchange_puf,2026,Rate PUF,https://www.cms.gov/marketplace/resources/data/public-use-files,https://download.cms.gov/marketplace-puf/2026/rate-puf.zip,data\raw\exchange_puf\2026\rate-puf.zip,zip,200,True,16238329,91e953cab0b492eddac0c5be69b0572fa416637d074320f34d3be3e0cf82e8ac,2026-05-26T16:41:14+00:00,Official CMS Exchange PUF direct URL pattern.
exchange_puf,2026,Plan Attributes PUF,https://www.cms.gov/marketplace/resources/data/public-use-files,https://download.cms.gov/marketplace-puf/2026/plan-attributes-puf.zip,data\raw\exchange_puf\2026\plan-attributes-puf.zip,zip,200,True,1001042,27d589739a845f368a99476b6ddf34e4f0d5574a7a75280239c5b1629edaa13c,2026-05-26T16:41:19+00:00,Official CMS Exchange PUF direct URL pattern.
exchange_puf,2026,Service Area PUF,https://www.cms.gov/marketplace/resources/data/public-use-files,https://download.cms.gov/marketplace-puf/2026/service-area-puf.zip,data\raw\exchange_puf\2026\service-area-puf.zip,zip,200,True,44461,452dd1337d2bc092753ed4d9b4051cc6338c64f3691611e44fb5f0dc6039e5b4,2026-05-26T16:41:20+00:00,Official CMS Exchange PUF direct URL pattern.
exchange_puf,2026,Plan ID Crosswalk PUF,https://www.cms.gov/marketplace/resources/data/public-use-files,https://download.cms.gov/marketplace-puf/2026/plan-id-crosswalk-puf.zip,data\raw\exchange_puf\2026\plan-id-crosswalk-puf.zip,zip,200,True,537594,a2d6718cb73e3fd8b0b5a22ed9ea7093785f95a0a0ab626ebde125203d7c0e82,2026-05-26T16:41:23+00:00,Official CMS Exchange PUF direct URL pattern.
exchange_puf,2021,Rate Data Dictionary PDF,https://www.cms.gov/marketplace/resources/data/public-use-files,https://www.cms.gov/files/document/rate-datadictionary-py21.pdf,data\raw\exchange_puf\2021\rate-datadictionary-py21.pdf,pdf,200,True,189585,004cf442cf110daea42b9116c8348b5f9e2b37f4b125c7658d258a147469f3a6,2026-05-26T16:41:25+00:00,Official CMS Exchange PUF data dictionary URL pattern. Some older dictionaries may be unavailable. Final URL: https://www.cms.gov/files/document/rate-datadictionary-py22.pdf
exchange_puf,2021,Plan Attributes Data Dictionary PDF,https://www.cms.gov/marketplace/resources/data/public-use-files,https://www.cms.gov/files/document/planattributes-datadictionary-py21.pdf,data\raw\exchange_puf\2021\planattributes-datadictionary-py21.pdf,pdf,200,True,526690,f918a6b1a890fb1b5569d2f2b5be5e1fd01520654e5fb47c342f75f4f7fc4bdd,2026-05-26T16:41:28+00:00,Official CMS Exchange PUF data dictionary URL pattern. Some older dictionaries may be unavailable. Final URL: https://www.cms.gov/files/document/planattributes-datadictionary-py22.pdf
exchange_puf,2021,Service Area Data Dictionary PDF,https://www.cms.gov/marketplace/resources/data/public-use-files,https://www.cms.gov/files/document/servicearea-datadictionary-py21.pdf,data\raw\exchange_puf\2021\servicearea-datadictionary-py21.pdf,pdf,200,True,172387,ced98e8d5118c596e6c47b5b1d9eaec894962ccc789256f0a89f90c196c453fb,2026-05-26T16:41:31+00:00,Official CMS Exchange PUF data dictionary URL pattern. Some older dictionaries may be unavailable. Final URL: https://www.cms.gov/files/document/servicearea-datadictionary-py22.pdf
exchange_puf,2021,Plan ID Crosswalk Data Dictionary PDF,https://www.cms.gov/marketplace/resources/data/public-use-files,https://www.cms.gov/files/document/plan-id-crosswalk-datadictionary-py21.pdf,,pdf,404,False,,,2026-05-26T16:41:34+00:00,Official CMS Exchange PUF data dictionary URL pattern. Some older dictionaries may be unavailable. Download failed with HTTP 404.
exchange_puf,2022,Rate Data Dictionary PDF,https://www.cms.gov/marketplace/resources/data/public-use-files,https://www.cms.gov/files/document/rate-datadictionary-py22.pdf,data\raw\exchange_puf\2022\rate-datadictionary-py22.pdf,pdf,200,True,189585,004cf442cf110daea42b9116c8348b5f9e2b37f4b125c7658d258a147469f3a6,2026-05-26T16:41:35+00:00,Official CMS Exchange PUF data dictionary URL pattern. Some older dictionaries may be unavailable.
exchange_puf,2022,Plan Attributes Data Dictionary PDF,https://www.cms.gov/marketplace/resources/data/public-use-files,https://www.cms.gov/files/document/planattributes-datadictionary-py22.pdf,data\raw\exchange_puf\2022\planattributes-datadictionary-py22.pdf,pdf,200,True,526690,f918a6b1a890fb1b5569d2f2b5be5e1fd01520654e5fb47c342f75f4f7fc4bdd,2026-05-26T16:41:37+00:00,Official CMS Exchange PUF data dictionary URL pattern. Some older dictionaries may be unavailable.
exchange_puf,2022,Service Area Data Dictionary PDF,https://www.cms.gov/marketplace/resources/data/public-use-files,https://www.cms.gov/files/document/servicearea-datadictionary-py22.pdf,data\raw\exchange_puf\2022\servicearea-datadictionary-py22.pdf,pdf,200,True,172387,ced98e8d5118c596e6c47b5b1d9eaec894962ccc789256f0a89f90c196c453fb,2026-05-26T16:41:40+00:00,Official CMS Exchange PUF data dictionary URL pattern. Some older dictionaries may be unavailable.
exchange_puf,2022,Plan ID Crosswalk Data Dictionary PDF,https://www.cms.gov/marketplace/resources/data/public-use-files,https://www.cms.gov/files/document/plan-id-crosswalk-datadictionary-py22.pdf,data\raw\exchange_puf\2022\plan-id-crosswalk-datadictionary-py22.pdf,pdf,200,True,465540,fe2ba4783e9a95fbab012bab063a8f3fb049a8318bac5ebdf697e836918e28fb,2026-05-26T16:41:42+00:00,Official CMS Exchange PUF data dictionary URL pattern. Some older dictionaries may be unavailable.
exchange_puf,2023,Rate Data Dictionary PDF,https://www.cms.gov/marketplace/resources/data/public-use-files,https://www.cms.gov/files/document/rate-datadictionary-py23.pdf,data\raw\exchange_puf\2023\rate-datadictionary-py23.pdf,pdf,200,True,229932,26fd393fd7d441f15de22dcb9563d2e4e5feab9a13b4eb95876c8d6d609c9ba1,2026-05-26T16:41:44+00:00,Official CMS Exchange PUF data dictionary URL pattern. Some older dictionaries may be unavailable.
exchange_puf,2023,Plan Attributes Data Dictionary PDF,https://www.cms.gov/marketplace/resources/data/public-use-files,https://www.cms.gov/files/document/planattributes-datadictionary-py23.pdf,data\raw\exchange_puf\2023\planattributes-datadictionary-py23.pdf,pdf,200,True,492419,12d0dc0bf6672c6dce76ce22f5e22e825946c6e527bf774bb092a87f9a76451b,2026-05-26T16:41:47+00:00,Official CMS Exchange PUF data dictionary URL pattern. Some older dictionaries may be unavailable.
exchange_puf,2023,Service Area Data Dictionary PDF,https://www.cms.gov/marketplace/resources/data/public-use-files,https://www.cms.gov/files/document/servicearea-datadictionary-py23.pdf,data\raw\exchange_puf\2023\servicearea-datadictionary-py23.pdf,pdf,200,True,220335,3a87c9040923fceaa3c846d42e6b3037cbdea97862c60135ccf32f6911cd90f7,2026-05-26T16:41:49+00:00,Official CMS Exchange PUF data dictionary URL pattern. Some older dictionaries may be unavailable.
exchange_puf,2023,Plan ID Crosswalk Data Dictionary PDF,https://www.cms.gov/marketplace/resources/data/public-use-files,https://www.cms.gov/files/document/plan-id-crosswalk-datadictionary-py23.pdf,data\raw\exchange_puf\2023\plan-id-crosswalk-datadictionary-py23.pdf,pdf,200,True,464945,32f23324841c30b26d33388a7a11317c13b422789ca2eff89ce7c4c2d7adfe37,2026-05-26T16:41:51+00:00,Official CMS Exchange PUF data dictionary URL pattern. Some older dictionaries may be unavailable.
exchange_puf,2024,Rate Data Dictionary PDF,https://www.cms.gov/marketplace/resources/data/public-use-files,https://www.cms.gov/files/document/rate-datadictionary-py24.pdf,data\raw\exchange_puf\2024\rate-datadictionary-py24.pdf,pdf,200,True,243324,142aac09e10e7255b3b2121598e90518aaf0d3281cf60135e4ac7637b5fd7def,2026-05-26T16:41:54+00:00,Official CMS Exchange PUF data dictionary URL pattern. Some older dictionaries may be unavailable.
exchange_puf,2024,Plan Attributes Data Dictionary PDF,https://www.cms.gov/marketplace/resources/data/public-use-files,https://www.cms.gov/files/document/planattributes-datadictionary-py24.pdf,data\raw\exchange_puf\2024\planattributes-datadictionary-py24.pdf,pdf,200,True,615707,13f7a5ba2eb183ae761809fad4e4ec5d34fdcd487a53ec842ef8bffce0777d8d,2026-05-26T16:41:56+00:00,Official CMS Exchange PUF data dictionary URL pattern. Some older dictionaries may be unavailable.
exchange_puf,2024,Service Area Data Dictionary PDF,https://www.cms.gov/marketplace/resources/data/public-use-files,https://www.cms.gov/files/document/servicearea-datadictionary-py24.pdf,data\raw\exchange_puf\2024\servicearea-datadictionary-py24.pdf,pdf,200,True,233894,9d49761487c5645a8525d821b103af6f0ee6c24f6ecb18a0652b4e29a19b5cba,2026-05-26T16:41:58+00:00,Official CMS Exchange PUF data dictionary URL pattern. Some older dictionaries may be unavailable.
exchange_puf,2024,Plan ID Crosswalk Data Dictionary PDF,https://www.cms.gov/marketplace/resources/data/public-use-files,https://www.cms.gov/files/document/plan-id-crosswalk-datadictionary-py24.pdf,data\raw\exchange_puf\2024\plan-id-crosswalk-datadictionary-py24.pdf,pdf,200,True,663458,57ec9ef9a1db8f97c81d2e172f644b317d09b497f49c9955377e4583013c315b,2026-05-26T16:42:00+00:00,Official CMS Exchange PUF data dictionary URL pattern. Some older dictionaries may be unavailable.
exchange_puf,2025,Rate Data Dictionary PDF,https://www.cms.gov/marketplace/resources/data/public-use-files,https://www.cms.gov/files/document/rate-datadictionary-py25.pdf,data\raw\exchange_puf\2025\rate-datadictionary-py25.pdf,pdf,200,True,360449,b31b31d87139e693b91c52dc21b87b6348988acc717449779c873b1517d83ff8,2026-05-26T16:42:03+00:00,Official CMS Exchange PUF data dictionary URL pattern. Some older dictionaries may be unavailable.
exchange_puf,2025,Plan Attributes Data Dictionary PDF,https://www.cms.gov/marketplace/resources/data/public-use-files,https://www.cms.gov/files/document/planattributes-datadictionary-py25.pdf,data\raw\exchange_puf\2025\planattributes-datadictionary-py25.pdf,pdf,200,True,694269,6e37fafb5d9e8d3d006dea55f9926b2df579f856582c7ce778ceb082c28fd97d,2026-05-26T16:42:05+00:00,Official CMS Exchange PUF data dictionary URL pattern. Some older dictionaries may be unavailable.
exchange_puf,2025,Service Area Data Dictionary PDF,https://www.cms.gov/marketplace/resources/data/public-use-files,https://www.cms.gov/files/document/servicearea-datadictionary-py25.pdf,data\raw\exchange_puf\2025\servicearea-datadictionary-py25.pdf,pdf,200,True,299028,8fdfd20745f26c99dce92d1bca87f324de1e96e5b23a90a5dcc005f0641f8d60,2026-05-26T16:42:08+00:00,Official CMS Exchange PUF data dictionary URL pattern. Some older dictionaries may be unavailable.
exchange_puf,2025,Plan ID Crosswalk Data Dictionary PDF,https://www.cms.gov/marketplace/resources/data/public-use-files,https://www.cms.gov/files/document/plan-id-crosswalk-datadictionary-py25.pdf,data\raw\exchange_puf\2025\plan-id-crosswalk-datadictionary-py25.pdf,pdf,200,True,641768,8723759e962d4a7430bc12142ef06ef61767f429717461d9127a5f690394074b,2026-05-26T16:42:10+00:00,Official CMS Exchange PUF data dictionary URL pattern. Some older dictionaries may be unavailable.
exchange_puf,2026,Rate Data Dictionary PDF,https://www.cms.gov/marketplace/resources/data/public-use-files,https://www.cms.gov/files/document/rate-datadictionary-py26.pdf,data\raw\exchange_puf\2026\rate-datadictionary-py26.pdf,pdf,200,True,257973,b1e5915689fa9a26f64fb49ce5a6b3a883c5fc348b44ea88f870e8c8cd5e375a,2026-05-26T16:42:13+00:00,Official CMS Exchange PUF data dictionary URL pattern. Some older dictionaries may be unavailable.
exchange_puf,2026,Plan Attributes Data Dictionary PDF,https://www.cms.gov/marketplace/resources/data/public-use-files,https://www.cms.gov/files/document/planattributes-datadictionary-py26.pdf,data\raw\exchange_puf\2026\planattributes-datadictionary-py26.pdf,pdf,200,True,458535,ead6f97e18ab1cf814fa7c57b564d70d8e785f3cfa4f534c0123cbe4d679f371,2026-05-26T16:42:15+00:00,Official CMS Exchange PUF data dictionary URL pattern. Some older dictionaries may be unavailable.
exchange_puf,2026,Service Area Data Dictionary PDF,https://www.cms.gov/marketplace/resources/data/public-use-files,https://www.cms.gov/files/document/servicearea-datadictionary-py26.pdf,data\raw\exchange_puf\2026\servicearea-datadictionary-py26.pdf,pdf,200,True,239526,ee58b1cff5799c771889f4afe993473ecef5b593cf6e4c90d47a8a69f3200b6e,2026-05-26T16:42:17+00:00,Official CMS Exchange PUF data dictionary URL pattern. Some older dictionaries may be unavailable.
exchange_puf,2026,Plan ID Crosswalk Data Dictionary PDF,https://www.cms.gov/marketplace/resources/data/public-use-files,https://www.cms.gov/files/document/plan-id-crosswalk-datadictionary-py26.pdf,data\raw\exchange_puf\2026\plan-id-crosswalk-datadictionary-py26.pdf,pdf,200,True,474787,cf881549380fd764b7449911dfb3b80a5bba8e6367fa7ad1e5ea1359eda46c29,2026-05-26T16:42:20+00:00,Official CMS Exchange PUF data dictionary URL pattern. Some older dictionaries may be unavailable.
qhp_landscape,2019,QHP Landscape Individual Medical ZIP,https://data.healthcare.gov/qhp-landscape-files,https://data.healthcare.gov/datafile/py2019/individual_market_medical.zip,,zip,404,False,,,2026-05-26T16:42:22+00:00,Official Data.HealthCare.gov QHP Landscape direct URL pattern; expected to fail before PY2022. Download failed with HTTP 404.
qhp_landscape,2019,QHP Landscape Individual Medical Instructions PDF,https://data.healthcare.gov/qhp-landscape-files,https://data.healthcare.gov/datafile/py2019/med-ind-lndscp-in.pdf,,pdf,404,False,,,2026-05-26T16:42:24+00:00,Official Data.HealthCare.gov QHP Landscape instructions; expected to fail before PY2022. Download failed with HTTP 404.
qhp_landscape,2020,QHP Landscape Individual Medical ZIP,https://data.healthcare.gov/qhp-landscape-files,https://data.healthcare.gov/datafile/py2020/individual_market_medical.zip,,zip,404,False,,,2026-05-26T16:42:25+00:00,Official Data.HealthCare.gov QHP Landscape direct URL pattern; expected to fail before PY2022. Download failed with HTTP 404.
qhp_landscape,2020,QHP Landscape Individual Medical Instructions PDF,https://data.healthcare.gov/qhp-landscape-files,https://data.healthcare.gov/datafile/py2020/med-ind-lndscp-in.pdf,,pdf,404,False,,,2026-05-26T16:42:27+00:00,Official Data.HealthCare.gov QHP Landscape instructions; expected to fail before PY2022. Download failed with HTTP 404.
qhp_landscape,2021,QHP Landscape Individual Medical ZIP,https://data.healthcare.gov/qhp-landscape-files,https://data.healthcare.gov/datafile/py2021/individual_market_medical.zip,,zip,404,False,,,2026-05-26T16:42:28+00:00,Official Data.HealthCare.gov QHP Landscape direct URL pattern; expected to fail before PY2022. Download failed with HTTP 404.
qhp_landscape,2021,QHP Landscape Individual Medical Instructions PDF,https://data.healthcare.gov/qhp-landscape-files,https://data.healthcare.gov/datafile/py2021/med-ind-lndscp-in.pdf,,pdf,404,False,,,2026-05-26T16:42:30+00:00,Official Data.HealthCare.gov QHP Landscape instructions; expected to fail before PY2022. Download failed with HTTP 404.
qhp_landscape,2022,QHP Landscape Individual Medical ZIP,https://data.healthcare.gov/qhp-landscape-files,https://data.healthcare.gov/datafile/py2022/individual_market_medical.zip,data\raw\qhp_landscape\2022\individual_market_medical.zip,zip,200,True,90073726,7615bd3ff948382cbb604ec5335c7da070ae2b1f7f3e91594c76d57fa48d625d,2026-05-26T16:42:32+00:00,Official Data.HealthCare.gov QHP Landscape direct URL pattern; expected to fail before PY2022.
qhp_landscape,2022,QHP Landscape Individual Medical Instructions PDF,https://data.healthcare.gov/qhp-landscape-files,https://data.healthcare.gov/datafile/py2022/med-ind-lndscp-in.pdf,data\raw\qhp_landscape\2022\med-ind-lndscp-in.pdf,pdf,200,True,186738,93351dc21acd51a14ee076c58c37da324f6a837f0a43ffb3852f7feaedaf798b,2026-05-26T16:42:48+00:00,Official Data.HealthCare.gov QHP Landscape instructions; expected to fail before PY2022.
qhp_landscape,2023,QHP Landscape Individual Medical ZIP,https://data.healthcare.gov/qhp-landscape-files,https://data.healthcare.gov/datafile/py2023/individual_market_medical.zip,data\raw\qhp_landscape\2023\individual_market_medical.zip,zip,200,True,110992675,bbe2cce35fdd1a3cdeafeeb0cc8824d8b6cedc84fdb4619461a3a5e428f9ebd9,2026-05-26T16:42:49+00:00,Official Data.HealthCare.gov QHP Landscape direct URL pattern; expected to fail before PY2022.
qhp_landscape,2023,QHP Landscape Individual Medical Instructions PDF,https://data.healthcare.gov/qhp-landscape-files,https://data.healthcare.gov/datafile/py2023/med-ind-lndscp-in.pdf,data\raw\qhp_landscape\2023\med-ind-lndscp-in.pdf,pdf,200,True,217003,c70cea34e09617e742835baea08d4e5740d2a8f927563d8f7c63ef6081b879c3,2026-05-26T16:43:09+00:00,Official Data.HealthCare.gov QHP Landscape instructions; expected to fail before PY2022.
qhp_landscape,2024,QHP Landscape Individual Medical ZIP,https://data.healthcare.gov/qhp-landscape-files,https://data.healthcare.gov/datafile/py2024/individual_market_medical.zip,data\raw\qhp_landscape\2024\individual_market_medical.zip,zip,200,True,104290814,3c9bdcd924c083f327bf4f04b4fcbb8a8d58237b6f0169156dd99f98d60e2566,2026-05-26T16:43:11+00:00,Official Data.HealthCare.gov QHP Landscape direct URL pattern; expected to fail before PY2022.
qhp_landscape,2024,QHP Landscape Individual Medical Instructions PDF,https://data.healthcare.gov/qhp-landscape-files,https://data.healthcare.gov/datafile/py2024/med-ind-lndscp-in.pdf,data\raw\qhp_landscape\2024\med-ind-lndscp-in.pdf,pdf,200,True,211609,3097957a23431d86dc4c6a9406f4e1b13abd11d64be56baf3560b9d3070a2e6e,2026-05-26T16:43:33+00:00,Official Data.HealthCare.gov QHP Landscape instructions; expected to fail before PY2022.
qhp_landscape,2025,QHP Landscape Individual Medical ZIP,https://data.healthcare.gov/qhp-landscape-files,https://data.healthcare.gov/datafile/py2025/individual_market_medical.zip,data\raw\qhp_landscape\2025\individual_market_medical.zip,zip,200,True,88017621,68053bbd8678c28db0f7d3abeda644ecc09a3d89235a78c52e7576ed32239893,2026-05-26T16:43:35+00:00,Official Data.HealthCare.gov QHP Landscape direct URL pattern; expected to fail before PY2022.
qhp_landscape,2025,QHP Landscape Individual Medical Instructions PDF,https://data.healthcare.gov/qhp-landscape-files,https://data.healthcare.gov/datafile/py2025/med-ind-lndscp-in.pdf,data\raw\qhp_landscape\2025\med-ind-lndscp-in.pdf,pdf,200,True,166686,509bf60c87b9ff14f40355573515cdde07ac784a836b98fcaeb0e407dca199e2,2026-05-26T16:43:51+00:00,Official Data.HealthCare.gov QHP Landscape instructions; expected to fail before PY2022.
qhp_landscape,2026,QHP Landscape Individual Medical ZIP,https://data.healthcare.gov/qhp-landscape-files,https://data.healthcare.gov/datafile/py2026/individual_market_medical.zip,data\raw\qhp_landscape\2026\individual_market_medical.zip,zip,200,True,58433526,a29ca7d7468f72949718ee0eb51e67c544b7129a23e39e9a4d78c3eea7d514ea,2026-05-26T16:43:53+00:00,Official Data.HealthCare.gov QHP Landscape direct URL pattern; expected to fail before PY2022.
qhp_landscape,2026,QHP Landscape Individual Medical Instructions PDF,https://data.healthcare.gov/qhp-landscape-files,https://data.healthcare.gov/datafile/py2026/med-ind-lndscp-in.pdf,data\raw\qhp_landscape\2026\med-ind-lndscp-in.pdf,pdf,200,True,213191,fb2887a129986921859342f2c155f3e47db48b31ebff36f45974b3011497d14d,2026-05-26T16:44:06+00:00,Official Data.HealthCare.gov QHP Landscape instructions; expected to fail before PY2022.
health_plan_finder,2019,Health Plan Finder Q4 HIOS Data,https://www.cms.gov/marketplace/resources/data/healthcaregov-plan-finder-data,https://www.cms.gov/files/document/2019q4-hios.xlsx,data\raw\health_plan_finder\2019\2019q4-hios.xlsx,xlsx,200,True,3424247,282feebc43db93b75b8b9d9d3386c5d8d248bb77960f1cca72008e3c0d4fff2e,2026-05-26T16:44:08+00:00,Official CMS Health Plan Finder fallback for years without Data.HealthCare.gov QHP Landscape ZIPs.
health_plan_finder,2019,Health Plan Finder Q4 RBIS Data,https://www.cms.gov/marketplace/resources/data/healthcaregov-plan-finder-data,https://www.cms.gov/files/zip/2019q4.zip,data\raw\health_plan_finder\2019\2019q4.zip,zip,200,True,246111167,d88f530fcdbdc8b739299fe14a81071ca6bb9180f992c79af34aa237452f3a37,2026-05-26T16:44:11+00:00,Official CMS Health Plan Finder fallback for years without Data.HealthCare.gov QHP Landscape ZIPs.
health_plan_finder,2020,Health Plan Finder Q4 HIOS Data,https://www.cms.gov/marketplace/resources/data/healthcaregov-plan-finder-data,https://www.cms.gov/files/document/2020q4-hios.xlsx,data\raw\health_plan_finder\2020\2020q4-hios.xlsx,xlsx,200,True,3470980,750eaeaa11ec7ce72b0b5e79444c34aa60227fd3a3fc97496832c739f487ed40,2026-05-26T16:44:54+00:00,Official CMS Health Plan Finder fallback for years without Data.HealthCare.gov QHP Landscape ZIPs.
health_plan_finder,2020,Health Plan Finder Q4 RBIS Data,https://www.cms.gov/marketplace/resources/data/healthcaregov-plan-finder-data,https://www.cms.gov/files/zip/2020q4-rbis.zip,data\raw\health_plan_finder\2020\2020q4-rbis.zip,zip,200,True,252105803,eb4e7f5d585daab748e1c92bdd4f143c0920551953c009c58c00192823461fb4,2026-05-26T16:44:57+00:00,Official CMS Health Plan Finder fallback for years without Data.HealthCare.gov QHP Landscape ZIPs.
health_plan_finder,2021,Health Plan Finder Q4 HIOS/RBIS Data,https://www.cms.gov/marketplace/resources/data/healthcaregov-plan-finder-data,https://downloads.cms.gov/files/2021q4-hios-rbis.zip,data\raw\health_plan_finder\2021\2021q4-hios-rbis.zip,zip,200,True,264634900,920e6d90be2ff694bc7cd2c2c35007ab7d1c6193fea2fc7329ee57533765d057,2026-05-26T16:45:44+00:00,Official CMS Health Plan Finder fallback for years without Data.HealthCare.gov QHP Landscape ZIPs.
health_plan_finder,metadata,Health Plan Finder Interface Control Document PDF,https://www.cms.gov/marketplace/resources/data/healthcaregov-plan-finder-data,https://www.cms.gov/cciio/resources/data-resources/downloads/hios-rbis-icd-03-01-00.pdf,data\raw\health_plan_finder\metadata\hios-rbis-icd-03-01-00.pdf,pdf,200,True,356638,303c256e5c138f4e8a088108abae3ebac2235a4e48ff3080c7f652664545f09a,2026-05-26T16:46:34+00:00,Official CMS Health Plan Finder fallback for years without Data.HealthCare.gov QHP Landscape ZIPs.
health_plan_finder,metadata,Health Plan Finder Metadata Report XLSX,https://www.cms.gov/marketplace/resources/data/healthcaregov-plan-finder-data,https://www.cms.gov/cciio/resources/data-resources/downloads/metadata-report-for-puf.xlsx,data\raw\health_plan_finder\metadata\metadata-report-for-puf.xlsx,xlsx,200,True,42872,82311caa784d1544952e723085c51115d02cebfb84dd9dbdfce9170715f351a3,2026-05-26T16:46:37+00:00,Official CMS Health Plan Finder fallback for years without Data.HealthCare.gov QHP Landscape ZIPs.
