variable,category,year,raw_name,match_type
DUPERSID,ids,1996,DUPERSID,exact
DUPERSID,ids,1997,DUPERSID,exact
DUPERSID,ids,1998,DUPERSID,exact
DUPERSID,ids,1999,DUPERSID,exact
DUPERSID,ids,2000,DUPERSID,exact
DUPERSID,ids,2001,DUPERSID,exact
DUPERSID,ids,2002,DUPERSID,exact
DUPERSID,ids,2003,DUPERSID,exact
DUPERSID,ids,2004,DUPERSID,exact
DUPERSID,ids,2005,DUPERSID,exact
DUPERSID,ids,2006,DUPERSID,exact
DUPERSID,ids,2007,DUPERSID,exact
DUPERSID,ids,2008,DUPERSID,exact
DUPERSID,ids,2009,DUPERSID,exact
DUPERSID,ids,2010,DUPERSID,exact
DUPERSID,ids,2011,DUPERSID,exact
DUPERSID,ids,2012,DUPERSID,exact
DUPERSID,ids,2013,DUPERSID,exact
DUPERSID,ids,2014,DUPERSID,exact
DUPERSID,ids,2015,DUPERSID,exact
DUPERSID,ids,2016,DUPERSID,exact
DUPERSID,ids,2017,DUPERSID,exact
DUPERSID,ids,2018,DUPERSID,exact
DUPERSID,ids,2019,DUPERSID,exact
DUPERSID,ids,2020,DUPERSID,exact
DUPERSID,ids,2021,DUPERSID,exact
DUPERSID,ids,2022,DUPERSID,exact
DUPERSID,ids,2023,DUPERSID,exact
PANEL,ids,1997,PANEL97,suffix_97
PANEL,ids,1998,PANEL98,suffix_98
PANEL,ids,1999,PANEL99,suffix_99
PANEL,ids,2000,PANEL00,suffix_00
PANEL,ids,2001,PANEL01,suffix_01
PANEL,ids,2002,PANEL02,suffix_02
PANEL,ids,2003,PANEL03,suffix_03
PANEL,ids,2004,PANEL04,suffix_04
PANEL,ids,2005,PANEL,exact
PANEL,ids,2006,PANEL,exact
PANEL,ids,2007,PANEL,exact
PANEL,ids,2008,PANEL,exact
PANEL,ids,2009,PANEL,exact
PANEL,ids,2010,PANEL,exact
PANEL,ids,2011,PANEL,exact
PANEL,ids,2012,PANEL,exact
PANEL,ids,2013,PANEL,exact
PANEL,ids,2014,PANEL,exact
PANEL,ids,2015,PANEL,exact
PANEL,ids,2016,PANEL,exact
PANEL,ids,2017,PANEL,exact
PANEL,ids,2018,PANEL,exact
PANEL,ids,2019,PANEL,exact
PANEL,ids,2020,PANEL,exact
PANEL,ids,2021,PANEL,exact
PANEL,ids,2022,PANEL,exact
PANEL,ids,2023,PANEL,exact
PERWT,survey,1999,PERWT99F,suffix_99F
PERWT,survey,2000,PERWT00F,suffix_00F
PERWT,survey,2001,PERWT01F,suffix_01F
PERWT,survey,2002,PERWT02F,suffix_02F
PERWT,survey,2003,PERWT03F,suffix_03F
PERWT,survey,2004,PERWT04F,suffix_04F
PERWT,survey,2005,PERWT05F,suffix_05F
PERWT,survey,2006,PERWT06F,suffix_06F
PERWT,survey,2007,PERWT07F,suffix_07F
PERWT,survey,2008,PERWT08F,suffix_08F
PERWT,survey,2009,PERWT09F,suffix_09F
PERWT,survey,2010,PERWT10F,suffix_10F
PERWT,survey,2011,PERWT11F,suffix_11F
PERWT,survey,2012,PERWT12F,suffix_12F
PERWT,survey,2013,PERWT13F,suffix_13F
PERWT,survey,2014,PERWT14F,suffix_14F
PERWT,survey,2015,PERWT15F,suffix_15F
PERWT,survey,2016,PERWT16F,suffix_16F
PERWT,survey,2017,PERWT17F,suffix_17F
PERWT,survey,2018,PERWT18F,suffix_18F
PERWT,survey,2019,PERWT19F,suffix_19F
PERWT,survey,2020,PERWT20F,suffix_20F
PERWT,survey,2021,PERWT21F,suffix_21F
PERWT,survey,2022,PERWT22F,suffix_22F
PERWT,survey,2023,PERWT23F,suffix_23F
VARSTR,survey,1996,VARSTR96,suffix_96
VARSTR,survey,1997,VARSTR97,suffix_97
VARSTR,survey,1998,VARSTR98,suffix_98
VARSTR,survey,1999,VARSTR99,suffix_99
VARSTR,survey,2000,VARSTR00,suffix_00
VARSTR,survey,2001,VARSTR01,suffix_01
VARSTR,survey,2002,VARSTR,exact
VARSTR,survey,2003,VARSTR,exact
VARSTR,survey,2004,VARSTR,exact
VARSTR,survey,2005,VARSTR,exact
VARSTR,survey,2006,VARSTR,exact
VARSTR,survey,2007,VARSTR,exact
VARSTR,survey,2008,VARSTR,exact
VARSTR,survey,2009,VARSTR,exact
VARSTR,survey,2010,VARSTR,exact
VARSTR,survey,2011,VARSTR,exact
VARSTR,survey,2012,VARSTR,exact
VARSTR,survey,2013,VARSTR,exact
VARSTR,survey,2014,VARSTR,exact
VARSTR,survey,2015,VARSTR,exact
VARSTR,survey,2016,VARSTR,exact
VARSTR,survey,2017,VARSTR,exact
VARSTR,survey,2018,VARSTR,exact
VARSTR,survey,2019,VARSTR,exact
VARSTR,survey,2020,VARSTR,exact
VARSTR,survey,2021,VARSTR,exact
VARSTR,survey,2022,VARSTR,exact
VARSTR,survey,2023,VARSTR,exact
VARPSU,survey,1996,VARPSU96,suffix_96
VARPSU,survey,1997,VARPSU97,suffix_97
VARPSU,survey,1998,VARPSU98,suffix_98
VARPSU,survey,1999,VARPSU99,suffix_99
VARPSU,survey,2000,VARPSU00,suffix_00
VARPSU,survey,2001,VARPSU01,suffix_01
VARPSU,survey,2002,VARPSU,exact
VARPSU,survey,2003,VARPSU,exact
VARPSU,survey,2004,VARPSU,exact
VARPSU,survey,2005,VARPSU,exact
VARPSU,survey,2006,VARPSU,exact
VARPSU,survey,2007,VARPSU,exact
VARPSU,survey,2008,VARPSU,exact
VARPSU,survey,2009,VARPSU,exact
VARPSU,survey,2010,VARPSU,exact
VARPSU,survey,2011,VARPSU,exact
VARPSU,survey,2012,VARPSU,exact
VARPSU,survey,2013,VARPSU,exact
VARPSU,survey,2014,VARPSU,exact
VARPSU,survey,2015,VARPSU,exact
VARPSU,survey,2016,VARPSU,exact
VARPSU,survey,2017,VARPSU,exact
VARPSU,survey,2018,VARPSU,exact
VARPSU,survey,2019,VARPSU,exact
VARPSU,survey,2020,VARPSU,exact
VARPSU,survey,2021,VARPSU,exact
VARPSU,survey,2022,VARPSU,exact
VARPSU,survey,2023,VARPSU,exact
DOBMM,age,1996,DOBMM,exact
DOBMM,age,1997,DOBMM,exact
DOBMM,age,1998,DOBMM,exact
DOBMM,age,1999,DOBMM,exact
DOBMM,age,2000,DOBMM,exact
DOBMM,age,2001,DOBMM,exact
DOBMM,age,2002,DOBMM,exact
DOBMM,age,2003,DOBMM,exact
DOBMM,age,2004,DOBMM,exact
DOBMM,age,2005,DOBMM,exact
DOBMM,age,2006,DOBMM,exact
DOBMM,age,2007,DOBMM,exact
DOBMM,age,2008,DOBMM,exact
DOBMM,age,2009,DOBMM,exact
DOBMM,age,2010,DOBMM,exact
DOBMM,age,2011,DOBMM,exact
DOBMM,age,2012,DOBMM,exact
DOBMM,age,2013,DOBMM,exact
DOBMM,age,2014,DOBMM,exact
DOBMM,age,2015,DOBMM,exact
DOBMM,age,2016,DOBMM,exact
DOBMM,age,2017,DOBMM,exact
DOBMM,age,2018,DOBMM,exact
DOBMM,age,2019,DOBMM,exact
DOBMM,age,2020,DOBMM,exact
DOBMM,age,2021,DOBMM,exact
DOBMM,age,2022,DOBMM,exact
DOBMM,age,2023,DOBMM,exact
DOBYY,age,1996,DOBYY,exact
DOBYY,age,1997,DOBYY,exact
DOBYY,age,1998,DOBYY,exact
DOBYY,age,1999,DOBYY,exact
DOBYY,age,2000,DOBYY,exact
DOBYY,age,2001,DOBYY,exact
DOBYY,age,2002,DOBYY,exact
DOBYY,age,2003,DOBYY,exact
DOBYY,age,2004,DOBYY,exact
DOBYY,age,2005,DOBYY,exact
DOBYY,age,2006,DOBYY,exact
DOBYY,age,2007,DOBYY,exact
DOBYY,age,2008,DOBYY,exact
DOBYY,age,2009,DOBYY,exact
DOBYY,age,2010,DOBYY,exact
DOBYY,age,2011,DOBYY,exact
DOBYY,age,2012,DOBYY,exact
DOBYY,age,2013,DOBYY,exact
DOBYY,age,2014,DOBYY,exact
DOBYY,age,2015,DOBYY,exact
DOBYY,age,2016,DOBYY,exact
DOBYY,age,2017,DOBYY,exact
DOBYY,age,2018,DOBYY,exact
DOBYY,age,2019,DOBYY,exact
DOBYY,age,2020,DOBYY,exact
DOBYY,age,2021,DOBYY,exact
DOBYY,age,2022,DOBYY,exact
DOBYY,age,2023,DOBYY,exact
AGE,age,1996,AGE96X,suffix_96X
AGE,age,1997,AGE97X,suffix_97X
AGE,age,1998,AGE98X,suffix_98X
AGE,age,1999,AGE99X,suffix_99X
AGE,age,2000,AGE00X,suffix_00X
AGE,age,2001,AGE01X,suffix_01X
AGE,age,2002,AGE02X,suffix_02X
AGE,age,2003,AGE03X,suffix_03X
AGE,age,2004,AGE04X,suffix_04X
AGE,age,2005,AGE05X,suffix_05X
AGE,age,2006,AGE06X,suffix_06X
AGE,age,2007,AGE07X,suffix_07X
AGE,age,2008,AGE08X,suffix_08X
AGE,age,2009,AGE09X,suffix_09X
AGE,age,2010,AGE10X,suffix_10X
AGE,age,2011,AGE11X,suffix_11X
AGE,age,2012,AGE12X,suffix_12X
AGE,age,2013,AGE13X,suffix_13X
AGE,age,2014,AGE14X,suffix_14X
AGE,age,2015,AGE15X,suffix_15X
AGE,age,2016,AGE16X,suffix_16X
AGE,age,2017,AGE17X,suffix_17X
AGE,age,2018,AGE18X,suffix_18X
AGE,age,2019,AGE19X,suffix_19X
AGE,age,2020,AGE20X,suffix_20X
AGE,age,2021,AGE21X,suffix_21X
AGE,age,2022,AGE22X,suffix_22X
AGE,age,2023,AGE23X,suffix_23X
ENDRFM42,age,1997,ENDRFM42,exact
ENDRFM42,age,1998,ENDRFM42,exact
ENDRFM42,age,1999,ENDRFM42,exact
ENDRFM42,age,2000,ENDRFM42,exact
ENDRFM42,age,2001,ENDRFM42,exact
ENDRFM42,age,2002,ENDRFM42,exact
ENDRFM42,age,2003,ENDRFM42,exact
ENDRFM42,age,2004,ENDRFM42,exact
ENDRFM42,age,2005,ENDRFM42,exact
ENDRFM42,age,2006,ENDRFM42,exact
ENDRFM42,age,2007,ENDRFM42,exact
ENDRFM42,age,2008,ENDRFM42,exact
ENDRFM42,age,2009,ENDRFM42,exact
ENDRFM42,age,2010,ENDRFM42,exact
ENDRFM42,age,2011,ENDRFM42,exact
ENDRFM42,age,2012,ENDRFM42,exact
ENDRFM42,age,2013,ENDRFM42,exact
ENDRFM42,age,2014,ENDRFM42,exact
ENDRFM42,age,2015,ENDRFM42,exact
ENDRFM42,age,2016,ENDRFM42,exact
ENDRFM42,age,2017,ENDRFM42,exact
ENDRFM42,age,2018,ENDRFM42,exact
ENDRFM42,age,2019,ENDRFM42,exact
ENDRFM42,age,2020,ENDRFM42,exact
ENDRFM42,age,2021,ENDRFM42,exact
ENDRFM42,age,2022,ENDRFM42,exact
ENDRFM42,age,2023,ENDRFM42,exact
ENDRFY42,age,1997,ENDRFY42,exact
ENDRFY42,age,1998,ENDRFY42,exact
ENDRFY42,age,1999,ENDRFY42,exact
ENDRFY42,age,2000,ENDRFY42,exact
ENDRFY42,age,2001,ENDRFY42,exact
ENDRFY42,age,2002,ENDRFY42,exact
ENDRFY42,age,2003,ENDRFY42,exact
ENDRFY42,age,2004,ENDRFY42,exact
ENDRFY42,age,2005,ENDRFY42,exact
ENDRFY42,age,2006,ENDRFY42,exact
ENDRFY42,age,2007,ENDRFY42,exact
ENDRFY42,age,2008,ENDRFY42,exact
ENDRFY42,age,2009,ENDRFY42,exact
ENDRFY42,age,2010,ENDRFY42,exact
ENDRFY42,age,2011,ENDRFY42,exact
ENDRFY42,age,2012,ENDRFY42,exact
ENDRFY42,age,2013,ENDRFY42,exact
ENDRFY42,age,2014,ENDRFY42,exact
ENDRFY42,age,2015,ENDRFY42,exact
ENDRFY42,age,2016,ENDRFY42,exact
ENDRFY42,age,2017,ENDRFY42,exact
ENDRFY42,age,2018,ENDRFY42,exact
ENDRFY42,age,2019,ENDRFY42,exact
ENDRFY42,age,2020,ENDRFY42,exact
ENDRFY42,age,2021,ENDRFY42,exact
ENDRFY42,age,2022,ENDRFY42,exact
ENDRFY42,age,2023,ENDRFY42,exact
SEX,demographics,1996,SEX,exact
SEX,demographics,1997,SEX,exact
SEX,demographics,1998,SEX,exact
SEX,demographics,1999,SEX,exact
SEX,demographics,2000,SEX,exact
SEX,demographics,2001,SEX,exact
SEX,demographics,2002,SEX,exact
SEX,demographics,2003,SEX,exact
SEX,demographics,2004,SEX,exact
SEX,demographics,2005,SEX,exact
SEX,demographics,2006,SEX,exact
SEX,demographics,2007,SEX,exact
SEX,demographics,2008,SEX,exact
SEX,demographics,2009,SEX,exact
SEX,demographics,2010,SEX,exact
SEX,demographics,2011,SEX,exact
SEX,demographics,2012,SEX,exact
SEX,demographics,2013,SEX,exact
SEX,demographics,2014,SEX,exact
SEX,demographics,2015,SEX,exact
SEX,demographics,2016,SEX,exact
SEX,demographics,2017,SEX,exact
SEX,demographics,2018,SEX,exact
SEX,demographics,2019,SEX,exact
SEX,demographics,2020,SEX,exact
SEX,demographics,2021,SEX,exact
SEX,demographics,2022,SEX,exact
SEX,demographics,2023,SEX,exact
RACETHX,demographics,2012,RACETHX,exact
RACETHX,demographics,2013,RACETHX,exact
RACETHX,demographics,2014,RACETHX,exact
RACETHX,demographics,2015,RACETHX,exact
RACETHX,demographics,2016,RACETHX,exact
RACETHX,demographics,2017,RACETHX,exact
RACETHX,demographics,2018,RACETHX,exact
RACETHX,demographics,2019,RACETHX,exact
RACETHX,demographics,2020,RACETHX,exact
RACETHX,demographics,2021,RACETHX,exact
RACETHX,demographics,2022,RACETHX,exact
RACETHX,demographics,2023,RACETHX,exact
HISPANX,demographics,1996,HISPANX,exact
HISPANX,demographics,1997,HISPANX,exact
HISPANX,demographics,1998,HISPANX,exact
HISPANX,demographics,1999,HISPANX,exact
HISPANX,demographics,2000,HISPANX,exact
HISPANX,demographics,2001,HISPANX,exact
HISPANX,demographics,2002,HISPANX,exact
HISPANX,demographics,2003,HISPANX,exact
HISPANX,demographics,2004,HISPANX,exact
HISPANX,demographics,2005,HISPANX,exact
HISPANX,demographics,2006,HISPANX,exact
HISPANX,demographics,2007,HISPANX,exact
HISPANX,demographics,2008,HISPANX,exact
HISPANX,demographics,2009,HISPANX,exact
HISPANX,demographics,2010,HISPANX,exact
HISPANX,demographics,2011,HISPANX,exact
HISPANX,demographics,2012,HISPANX,exact
HISPANX,demographics,2013,HISPANX,exact
HISPANX,demographics,2014,HISPANX,exact
HISPANX,demographics,2015,HISPANX,exact
HISPANX,demographics,2016,HISPANX,exact
HISPANX,demographics,2017,HISPANX,exact
HISPANX,demographics,2018,HISPANX,exact
HISPANX,demographics,2019,HISPANX,exact
HISPANX,demographics,2020,HISPANX,exact
HISPANX,demographics,2021,HISPANX,exact
HISPANX,demographics,2022,HISPANX,exact
HISPANX,demographics,2023,HISPANX,exact
RACEV1X,demographics,2012,RACEV1X,exact
RACEV1X,demographics,2013,RACEV1X,exact
RACEV1X,demographics,2014,RACEV1X,exact
RACEV1X,demographics,2015,RACEV1X,exact
RACEV1X,demographics,2016,RACEV1X,exact
RACEV1X,demographics,2017,RACEV1X,exact
RACEV1X,demographics,2018,RACEV1X,exact
RACEV1X,demographics,2019,RACEV1X,exact
RACEV1X,demographics,2020,RACEV1X,exact
RACEV1X,demographics,2021,RACEV1X,exact
RACEV1X,demographics,2022,RACEV1X,exact
RACEV1X,demographics,2023,RACEV1X,exact
RACEV2X,demographics,2013,RACEV2X,exact
RACEV2X,demographics,2014,RACEV2X,exact
RACEV2X,demographics,2015,RACEV2X,exact
RACEV2X,demographics,2016,RACEV2X,exact
RACEV2X,demographics,2017,RACEV2X,exact
RACEV2X,demographics,2018,RACEV2X,exact
RACEV2X,demographics,2019,RACEV2X,exact
RACEV2X,demographics,2020,RACEV2X,exact
RACEV2X,demographics,2021,RACEV2X,exact
RACEV2X,demographics,2022,RACEV2X,exact
RACEV2X,demographics,2023,RACEV2X,exact
MARRY,demographics,1996,MARRY96X,suffix_96X
MARRY,demographics,1997,MARRY97X,suffix_97X
MARRY,demographics,1998,MARRY98X,suffix_98X
MARRY,demographics,1999,MARRY99X,suffix_99X
MARRY,demographics,2000,MARRY00X,suffix_00X
MARRY,demographics,2001,MARRY01X,suffix_01X
MARRY,demographics,2002,MARRY02X,suffix_02X
MARRY,demographics,2003,MARRY03X,suffix_03X
MARRY,demographics,2004,MARRY04X,suffix_04X
MARRY,demographics,2005,MARRY05X,suffix_05X
MARRY,demographics,2006,MARRY06X,suffix_06X
MARRY,demographics,2007,MARRY07X,suffix_07X
MARRY,demographics,2008,MARRY08X,suffix_08X
MARRY,demographics,2009,MARRY09X,suffix_09X
MARRY,demographics,2010,MARRY10X,suffix_10X
MARRY,demographics,2011,MARRY11X,suffix_11X
MARRY,demographics,2012,MARRY12X,suffix_12X
MARRY,demographics,2013,MARRY13X,suffix_13X
MARRY,demographics,2014,MARRY14X,suffix_14X
MARRY,demographics,2015,MARRY15X,suffix_15X
MARRY,demographics,2016,MARRY16X,suffix_16X
MARRY,demographics,2017,MARRY17X,suffix_17X
MARRY,demographics,2018,MARRY18X,suffix_18X
MARRY,demographics,2019,MARRY19X,suffix_19X
MARRY,demographics,2020,MARRY20X,suffix_20X
MARRY,demographics,2021,MARRY21X,suffix_21X
MARRY,demographics,2022,MARRY22X,suffix_22X
MARRY,demographics,2023,MARRY23X,suffix_23X
EDUCYR,demographics,1996,EDUCYR96,suffix_96
EDUCYR,demographics,1997,EDUCYR97,suffix_97
EDUCYR,demographics,1998,EDUCYR98,suffix_98
EDUCYR,demographics,2005,EDUCYR,exact
EDUCYR,demographics,2006,EDUCYR,exact
EDUCYR,demographics,2007,EDUCYR,exact
EDUCYR,demographics,2008,EDUCYR,exact
EDUCYR,demographics,2009,EDUCYR,exact
EDUCYR,demographics,2010,EDUCYR,exact
EDUCYR,demographics,2011,EDUCYR,exact
EDUCYR,demographics,2012,EDUCYR,exact
EDUCYR,demographics,2014,EDUCYR,exact
EDUCYR,demographics,2015,EDUCYR,exact
EDUCYR,demographics,2016,EDUCYR,exact
EDUCYR,demographics,2017,EDUCYR,exact
EDUCYR,demographics,2018,EDUCYR,exact
EDUCYR,demographics,2019,EDUCYR,exact
EDUCYR,demographics,2020,EDUCYR,exact
EDUCYR,demographics,2021,EDUCYR,exact
EDUCYR,demographics,2022,EDUCYR,exact
EDUCYR,demographics,2023,EDUCYR,exact
HIDEG,demographics,1996,HIDEG96,suffix_96
HIDEG,demographics,1997,HIDEG97,suffix_97
HIDEG,demographics,1998,HIDEG98,suffix_98
HIDEG,demographics,2005,HIDEG,exact
HIDEG,demographics,2006,HIDEG,exact
HIDEG,demographics,2007,HIDEG,exact
HIDEG,demographics,2008,HIDEG,exact
HIDEG,demographics,2009,HIDEG,exact
HIDEG,demographics,2010,HIDEG,exact
HIDEG,demographics,2011,HIDEG,exact
HIDEG,demographics,2012,HIDEG,exact
HIDEG,demographics,2015,HIDEG,exact
HIDEG,demographics,2016,HIDEG,exact
HIDEG,demographics,2017,HIDEG,exact
HIDEG,demographics,2018,HIDEG,exact
HIDEG,demographics,2019,HIDEG,exact
HIDEG,demographics,2020,HIDEG,exact
HIDEG,demographics,2021,HIDEG,exact
HIDEG,demographics,2022,HIDEG,exact
HIDEG,demographics,2023,HIDEG,exact
REGION,demographics,1996,REGION96,suffix_96
REGION,demographics,1997,REGION97,suffix_97
REGION,demographics,1998,REGION98,suffix_98
REGION,demographics,1999,REGION99,suffix_99
REGION,demographics,2000,REGION00,suffix_00
REGION,demographics,2001,REGION01,suffix_01
REGION,demographics,2002,REGION02,suffix_02
REGION,demographics,2003,REGION03,suffix_03
REGION,demographics,2004,REGION04,suffix_04
REGION,demographics,2005,REGION05,suffix_05
REGION,demographics,2006,REGION06,suffix_06
REGION,demographics,2007,REGION07,suffix_07
REGION,demographics,2008,REGION08,suffix_08
REGION,demographics,2009,REGION09,suffix_09
REGION,demographics,2010,REGION10,suffix_10
REGION,demographics,2011,REGION11,suffix_11
REGION,demographics,2012,REGION12,suffix_12
REGION,demographics,2013,REGION13,suffix_13
REGION,demographics,2014,REGION14,suffix_14
REGION,demographics,2015,REGION15,suffix_15
REGION,demographics,2016,REGION16,suffix_16
REGION,demographics,2017,REGION17,suffix_17
REGION,demographics,2018,REGION18,suffix_18
REGION,demographics,2019,REGION19,suffix_19
REGION,demographics,2020,REGION20,suffix_20
REGION,demographics,2021,REGION21,suffix_21
REGION,demographics,2022,REGION22,suffix_22
REGION,demographics,2023,REGION23,suffix_23
BORNUSA,demographics,2013,BORNUSA,exact
BORNUSA,demographics,2014,BORNUSA,exact
BORNUSA,demographics,2015,BORNUSA,exact
BORNUSA,demographics,2016,BORNUSA,exact
BORNUSA,demographics,2017,BORNUSA,exact
BORNUSA,demographics,2018,BORNUSA,exact
BORNUSA,demographics,2019,BORNUSA,exact
BORNUSA,demographics,2020,BORNUSA,exact
BORNUSA,demographics,2021,BORNUSA,exact
BORNUSA,demographics,2022,BORNUSA,exact
BORNUSA,demographics,2023,BORNUSA,exact
YRSINUS,demographics,2013,YRSINUS,exact
YRSINUS,demographics,2014,YRSINUS,exact
YRSINUS,demographics,2015,YRSINUS,exact
YRSINUS,demographics,2016,YRSINUS,exact
YRSINUS,demographics,2017,YRSINUS,exact
YRSINUS,demographics,2018,YRSINUS,exact
YRSINUS,demographics,2019,YRSINUS,exact
YRSINUS,demographics,2020,YRSINUS,exact
YRSINUS,demographics,2021,YRSINUS,exact
YRSINUS,demographics,2022,YRSINUS,exact
YRSINUS,demographics,2023,YRSINUS,exact
HWELLSPK,demographics,2018,HWELLSPK,exact
HWELLSPK,demographics,2019,HWELLSPK,exact
HWELLSPK,demographics,2020,HWELLSPK,exact
HWELLSPK,demographics,2021,HWELLSPK,exact
HWELLSPK,demographics,2022,HWELLSPK,exact
HWELLSPK,demographics,2023,HWELLSPK,exact
FAMINC,income,2007,FAMINC07,suffix_07
FAMINC,income,2008,FAMINC08,suffix_08
FAMINC,income,2009,FAMINC09,suffix_09
FAMINC,income,2010,FAMINC10,suffix_10
FAMINC,income,2011,FAMINC11,suffix_11
FAMINC,income,2012,FAMINC12,suffix_12
FAMINC,income,2013,FAMINC13,suffix_13
FAMINC,income,2014,FAMINC14,suffix_14
FAMINC,income,2015,FAMINC15,suffix_15
FAMINC,income,2016,FAMINC16,suffix_16
FAMINC,income,2017,FAMINC17,suffix_17
FAMINC,income,2018,FAMINC18,suffix_18
FAMINC,income,2019,FAMINC19,suffix_19
FAMINC,income,2020,FAMINC20,suffix_20
FAMINC,income,2021,FAMINC21,suffix_21
FAMINC,income,2022,FAMINC22,suffix_22
FAMINC,income,2023,FAMINC23,suffix_23
TTLP,income,1997,TTLP97X,suffix_97X
TTLP,income,1998,TTLP98X,suffix_98X
TTLP,income,1999,TTLP99X,suffix_99X
TTLP,income,2000,TTLP00X,suffix_00X
TTLP,income,2001,TTLP01X,suffix_01X
TTLP,income,2002,TTLP02X,suffix_02X
TTLP,income,2003,TTLP03X,suffix_03X
TTLP,income,2004,TTLP04X,suffix_04X
TTLP,income,2005,TTLP05X,suffix_05X
TTLP,income,2006,TTLP06X,suffix_06X
TTLP,income,2007,TTLP07X,suffix_07X
TTLP,income,2008,TTLP08X,suffix_08X
TTLP,income,2009,TTLP09X,suffix_09X
TTLP,income,2010,TTLP10X,suffix_10X
TTLP,income,2011,TTLP11X,suffix_11X
TTLP,income,2012,TTLP12X,suffix_12X
TTLP,income,2013,TTLP13X,suffix_13X
TTLP,income,2014,TTLP14X,suffix_14X
TTLP,income,2015,TTLP15X,suffix_15X
TTLP,income,2016,TTLP16X,suffix_16X
TTLP,income,2017,TTLP17X,suffix_17X
TTLP,income,2018,TTLP18X,suffix_18X
TTLP,income,2019,TTLP19X,suffix_19X
TTLP,income,2020,TTLP20X,suffix_20X
TTLP,income,2021,TTLP21X,suffix_21X
TTLP,income,2022,TTLP22X,suffix_22X
TTLP,income,2023,TTLP23X,suffix_23X
POVCAT,income,1996,POVCAT,exact
POVCAT,income,1997,POVCAT97,suffix_97
POVCAT,income,1998,POVCAT98,suffix_98
POVCAT,income,1999,POVCAT99,suffix_99
POVCAT,income,2000,POVCAT00,suffix_00
POVCAT,income,2001,POVCAT01,suffix_01
POVCAT,income,2002,POVCAT02,suffix_02
POVCAT,income,2003,POVCAT03,suffix_03
POVCAT,income,2004,POVCAT04,suffix_04
POVCAT,income,2005,POVCAT05,suffix_05
POVCAT,income,2006,POVCAT06,suffix_06
POVCAT,income,2007,POVCAT07,suffix_07
POVCAT,income,2008,POVCAT08,suffix_08
POVCAT,income,2009,POVCAT09,suffix_09
POVCAT,income,2010,POVCAT10,suffix_10
POVCAT,income,2011,POVCAT11,suffix_11
POVCAT,income,2012,POVCAT12,suffix_12
POVCAT,income,2013,POVCAT13,suffix_13
POVCAT,income,2014,POVCAT14,suffix_14
POVCAT,income,2015,POVCAT15,suffix_15
POVCAT,income,2016,POVCAT16,suffix_16
POVCAT,income,2017,POVCAT17,suffix_17
POVCAT,income,2018,POVCAT18,suffix_18
POVCAT,income,2019,POVCAT19,suffix_19
POVCAT,income,2020,POVCAT20,suffix_20
POVCAT,income,2021,POVCAT21,suffix_21
POVCAT,income,2022,POVCAT22,suffix_22
POVCAT,income,2023,POVCAT23,suffix_23
POVLEV,income,2007,POVLEV07,suffix_07
POVLEV,income,2008,POVLEV08,suffix_08
POVLEV,income,2009,POVLEV09,suffix_09
POVLEV,income,2010,POVLEV10,suffix_10
POVLEV,income,2011,POVLEV11,suffix_11
POVLEV,income,2012,POVLEV12,suffix_12
POVLEV,income,2013,POVLEV13,suffix_13
POVLEV,income,2014,POVLEV14,suffix_14
POVLEV,income,2015,POVLEV15,suffix_15
POVLEV,income,2016,POVLEV16,suffix_16
POVLEV,income,2017,POVLEV17,suffix_17
POVLEV,income,2018,POVLEV18,suffix_18
POVLEV,income,2019,POVLEV19,suffix_19
POVLEV,income,2020,POVLEV20,suffix_20
POVLEV,income,2021,POVLEV21,suffix_21
POVLEV,income,2022,POVLEV22,suffix_22
POVLEV,income,2023,POVLEV23,suffix_23
EMPST42,employment,1997,EMPST42,exact
EMPST42,employment,1998,EMPST42,exact
EMPST42,employment,1999,EMPST42,exact
EMPST42,employment,2000,EMPST42,exact
EMPST42,employment,2001,EMPST42,exact
EMPST42,employment,2002,EMPST42,exact
EMPST42,employment,2003,EMPST42,exact
EMPST42,employment,2004,EMPST42,exact
EMPST42,employment,2005,EMPST42,exact
EMPST42,employment,2006,EMPST42,exact
EMPST42,employment,2007,EMPST42,exact
EMPST42,employment,2008,EMPST42,exact
EMPST42,employment,2009,EMPST42,exact
EMPST42,employment,2010,EMPST42,exact
EMPST42,employment,2011,EMPST42,exact
EMPST42,employment,2012,EMPST42,exact
EMPST42,employment,2013,EMPST42,exact
EMPST42,employment,2014,EMPST42,exact
EMPST42,employment,2015,EMPST42,exact
EMPST42,employment,2016,EMPST42,exact
EMPST42,employment,2017,EMPST42,exact
EMPST42,employment,2018,EMPST42,exact
EMPST42,employment,2019,EMPST42,exact
EMPST42,employment,2020,EMPST42,exact
EMPST42,employment,2021,EMPST42,exact
EMPST42,employment,2022,EMPST42,exact
EMPST42,employment,2023,EMPST42,exact
EMPST31,employment,1997,EMPST31,exact
EMPST31,employment,1998,EMPST31,exact
EMPST31,employment,1999,EMPST31,exact
EMPST31,employment,2000,EMPST31,exact
EMPST31,employment,2001,EMPST31,exact
EMPST31,employment,2002,EMPST31,exact
EMPST31,employment,2003,EMPST31,exact
EMPST31,employment,2004,EMPST31,exact
EMPST31,employment,2005,EMPST31,exact
EMPST31,employment,2006,EMPST31,exact
EMPST31,employment,2007,EMPST31,exact
EMPST31,employment,2008,EMPST31,exact
EMPST31,employment,2009,EMPST31,exact
EMPST31,employment,2010,EMPST31,exact
EMPST31,employment,2011,EMPST31,exact
EMPST31,employment,2012,EMPST31,exact
EMPST31,employment,2013,EMPST31,exact
EMPST31,employment,2014,EMPST31,exact
EMPST31,employment,2015,EMPST31,exact
EMPST31,employment,2016,EMPST31,exact
EMPST31,employment,2017,EMPST31,exact
EMPST31,employment,2018,EMPST31,exact
EMPST31,employment,2019,EMPST31,exact
EMPST31,employment,2020,EMPST31,exact
EMPST31,employment,2021,EMPST31,exact
EMPST31,employment,2022,EMPST31,exact
EMPST31,employment,2023,EMPST31,exact
EMPST53,employment,1997,EMPST53,exact
EMPST53,employment,1998,EMPST53,exact
EMPST53,employment,1999,EMPST53,exact
EMPST53,employment,2000,EMPST53,exact
EMPST53,employment,2001,EMPST53,exact
EMPST53,employment,2002,EMPST53,exact
EMPST53,employment,2003,EMPST53,exact
EMPST53,employment,2004,EMPST53,exact
EMPST53,employment,2005,EMPST53,exact
EMPST53,employment,2006,EMPST53,exact
EMPST53,employment,2007,EMPST53,exact
EMPST53,employment,2008,EMPST53,exact
EMPST53,employment,2009,EMPST53,exact
EMPST53,employment,2010,EMPST53,exact
EMPST53,employment,2011,EMPST53,exact
EMPST53,employment,2012,EMPST53,exact
EMPST53,employment,2013,EMPST53,exact
EMPST53,employment,2014,EMPST53,exact
EMPST53,employment,2015,EMPST53,exact
EMPST53,employment,2016,EMPST53,exact
EMPST53,employment,2017,EMPST53,exact
EMPST53,employment,2018,EMPST53,exact
EMPST53,employment,2019,EMPST53,exact
EMPST53,employment,2020,EMPST53,exact
EMPST53,employment,2021,EMPST53,exact
EMPST53,employment,2022,EMPST53,exact
EMPST53,employment,2023,EMPST53,exact
INSCOV,insurance_summary,1996,INSCOV96,suffix_96
INSCOV,insurance_summary,1997,INSCOV97,suffix_97
INSCOV,insurance_summary,1998,INSCOV98,suffix_98
INSCOV,insurance_summary,1999,INSCOV99,suffix_99
INSCOV,insurance_summary,2000,INSCOV00,suffix_00
INSCOV,insurance_summary,2001,INSCOV01,suffix_01
INSCOV,insurance_summary,2002,INSCOV02,suffix_02
INSCOV,insurance_summary,2003,INSCOV03,suffix_03
INSCOV,insurance_summary,2004,INSCOV04,suffix_04
INSCOV,insurance_summary,2005,INSCOV05,suffix_05
INSCOV,insurance_summary,2006,INSCOV06,suffix_06
INSCOV,insurance_summary,2007,INSCOV07,suffix_07
INSCOV,insurance_summary,2008,INSCOV08,suffix_08
INSCOV,insurance_summary,2009,INSCOV09,suffix_09
INSCOV,insurance_summary,2010,INSCOV10,suffix_10
INSCOV,insurance_summary,2011,INSCOV11,suffix_11
INSCOV,insurance_summary,2012,INSCOV12,suffix_12
INSCOV,insurance_summary,2013,INSCOV13,suffix_13
INSCOV,insurance_summary,2014,INSCOV14,suffix_14
INSCOV,insurance_summary,2015,INSCOV15,suffix_15
INSCOV,insurance_summary,2016,INSCOV16,suffix_16
INSCOV,insurance_summary,2017,INSCOV17,suffix_17
INSCOV,insurance_summary,2018,INSCOV18,suffix_18
INSCOV,insurance_summary,2019,INSCOV19,suffix_19
INSCOV,insurance_summary,2020,INSCOV20,suffix_20
INSCOV,insurance_summary,2021,INSCOV21,suffix_21
INSCOV,insurance_summary,2022,INSCOV22,suffix_22
INSCOV,insurance_summary,2023,INSCOV23,suffix_23
UNINS,insurance_summary,1997,UNINS97,suffix_97
UNINS,insurance_summary,1998,UNINS98,suffix_98
UNINS,insurance_summary,1999,UNINS99,suffix_99
UNINS,insurance_summary,2000,UNINS00,suffix_00
UNINS,insurance_summary,2001,UNINS01,suffix_01
UNINS,insurance_summary,2002,UNINS02,suffix_02
UNINS,insurance_summary,2003,UNINS03,suffix_03
UNINS,insurance_summary,2004,UNINS04,suffix_04
UNINS,insurance_summary,2005,UNINS05,suffix_05
UNINS,insurance_summary,2006,UNINS06,suffix_06
UNINS,insurance_summary,2007,UNINS07,suffix_07
UNINS,insurance_summary,2008,UNINS08,suffix_08
UNINS,insurance_summary,2009,UNINS09,suffix_09
UNINS,insurance_summary,2010,UNINS10,suffix_10
UNINS,insurance_summary,2011,UNINS11,suffix_11
UNINS,insurance_summary,2012,UNINS12,suffix_12
UNINS,insurance_summary,2013,UNINS13,suffix_13
UNINS,insurance_summary,2014,UNINS14,suffix_14
UNINS,insurance_summary,2015,UNINS15,suffix_15
UNINS,insurance_summary,2016,UNINS16,suffix_16
UNINS,insurance_summary,2017,UNINS17,suffix_17
UNINS,insurance_summary,2018,UNINS18,suffix_18
UNINS,insurance_summary,2019,UNINS19,suffix_19
UNINS,insurance_summary,2020,UNINS20,suffix_20
UNINS,insurance_summary,2021,UNINS21,suffix_21
UNINS,insurance_summary,2022,UNINS22,suffix_22
UNINS,insurance_summary,2023,UNINS23,suffix_23
PRVEV,insurance_summary,1997,PRVEV97,suffix_97
PRVEV,insurance_summary,1998,PRVEV98,suffix_98
PRVEV,insurance_summary,1999,PRVEV99,suffix_99
PRVEV,insurance_summary,2000,PRVEV00,suffix_00
PRVEV,insurance_summary,2001,PRVEV01,suffix_01
PRVEV,insurance_summary,2002,PRVEV02,suffix_02
PRVEV,insurance_summary,2003,PRVEV03,suffix_03
PRVEV,insurance_summary,2004,PRVEV04,suffix_04
PRVEV,insurance_summary,2005,PRVEV05,suffix_05
PRVEV,insurance_summary,2006,PRVEV06,suffix_06
PRVEV,insurance_summary,2007,PRVEV07,suffix_07
PRVEV,insurance_summary,2008,PRVEV08,suffix_08
PRVEV,insurance_summary,2009,PRVEV09,suffix_09
PRVEV,insurance_summary,2010,PRVEV10,suffix_10
PRVEV,insurance_summary,2011,PRVEV11,suffix_11
PRVEV,insurance_summary,2012,PRVEV12,suffix_12
PRVEV,insurance_summary,2013,PRVEV13,suffix_13
PRVEV,insurance_summary,2014,PRVEV14,suffix_14
PRVEV,insurance_summary,2015,PRVEV15,suffix_15
PRVEV,insurance_summary,2016,PRVEV16,suffix_16
PRVEV,insurance_summary,2017,PRVEV17,suffix_17
PRVEV,insurance_summary,2018,PRVEV18,suffix_18
PRVEV,insurance_summary,2019,PRVEV19,suffix_19
PRVEV,insurance_summary,2020,PRVEV20,suffix_20
PRVEV,insurance_summary,2021,PRVEV21,suffix_21
PRVEV,insurance_summary,2022,PRVEV22,suffix_22
PRVEV,insurance_summary,2023,PRVEV23,suffix_23
MCREV,insurance_summary,1997,MCREV97,suffix_97
MCREV,insurance_summary,1998,MCREV98,suffix_98
MCREV,insurance_summary,1999,MCREV99,suffix_99
MCREV,insurance_summary,2000,MCREV00,suffix_00
MCREV,insurance_summary,2001,MCREV01,suffix_01
MCREV,insurance_summary,2002,MCREV02,suffix_02
MCREV,insurance_summary,2003,MCREV03,suffix_03
MCREV,insurance_summary,2004,MCREV04,suffix_04
MCREV,insurance_summary,2005,MCREV05,suffix_05
MCREV,insurance_summary,2006,MCREV06,suffix_06
MCREV,insurance_summary,2007,MCREV07,suffix_07
MCREV,insurance_summary,2008,MCREV08,suffix_08
MCREV,insurance_summary,2009,MCREV09,suffix_09
MCREV,insurance_summary,2010,MCREV10,suffix_10
MCREV,insurance_summary,2011,MCREV11,suffix_11
MCREV,insurance_summary,2012,MCREV12,suffix_12
MCREV,insurance_summary,2013,MCREV13,suffix_13
MCREV,insurance_summary,2014,MCREV14,suffix_14
MCREV,insurance_summary,2015,MCREV15,suffix_15
MCREV,insurance_summary,2016,MCREV16,suffix_16
MCREV,insurance_summary,2017,MCREV17,suffix_17
MCREV,insurance_summary,2018,MCREV18,suffix_18
MCREV,insurance_summary,2019,MCREV19,suffix_19
MCREV,insurance_summary,2020,MCREV20,suffix_20
MCREV,insurance_summary,2021,MCREV21,suffix_21
MCREV,insurance_summary,2022,MCREV22,suffix_22
MCREV,insurance_summary,2023,MCREV23,suffix_23
MCDEV,insurance_summary,1997,MCDEV97,suffix_97
MCDEV,insurance_summary,1998,MCDEV98,suffix_98
MCDEV,insurance_summary,1999,MCDEV99,suffix_99
MCDEV,insurance_summary,2000,MCDEV00,suffix_00
MCDEV,insurance_summary,2001,MCDEV01,suffix_01
MCDEV,insurance_summary,2002,MCDEV02,suffix_02
MCDEV,insurance_summary,2003,MCDEV03,suffix_03
MCDEV,insurance_summary,2004,MCDEV04,suffix_04
MCDEV,insurance_summary,2005,MCDEV05,suffix_05
MCDEV,insurance_summary,2006,MCDEV06,suffix_06
MCDEV,insurance_summary,2007,MCDEV07,suffix_07
MCDEV,insurance_summary,2008,MCDEV08,suffix_08
MCDEV,insurance_summary,2009,MCDEV09,suffix_09
MCDEV,insurance_summary,2010,MCDEV10,suffix_10
MCDEV,insurance_summary,2011,MCDEV11,suffix_11
MCDEV,insurance_summary,2012,MCDEV12,suffix_12
MCDEV,insurance_summary,2013,MCDEV13,suffix_13
MCDEV,insurance_summary,2014,MCDEV14,suffix_14
MCDEV,insurance_summary,2015,MCDEV15,suffix_15
MCDEV,insurance_summary,2016,MCDEV16,suffix_16
MCDEV,insurance_summary,2017,MCDEV17,suffix_17
MCDEV,insurance_summary,2018,MCDEV18,suffix_18
MCDEV,insurance_summary,2019,MCDEV19,suffix_19
MCDEV,insurance_summary,2020,MCDEV20,suffix_20
MCDEV,insurance_summary,2021,MCDEV21,suffix_21
MCDEV,insurance_summary,2022,MCDEV22,suffix_22
MCDEV,insurance_summary,2023,MCDEV23,suffix_23
PRIV,insurance_summary,2000,PRIV00,suffix_00
PRIV,insurance_summary,2001,PRIV01,suffix_01
PRIV,insurance_summary,2002,PRIV02,suffix_02
PRIV,insurance_summary,2003,PRIV03,suffix_03
PRIV,insurance_summary,2004,PRIV04,suffix_04
PRIV,insurance_summary,2005,PRIV05,suffix_05
PRIV,insurance_summary,2006,PRIV06,suffix_06
PRIV,insurance_summary,2007,PRIV07,suffix_07
PRIV,insurance_summary,2008,PRIV08,suffix_08
PRIV,insurance_summary,2009,PRIV09,suffix_09
PRIV,insurance_summary,2010,PRIV10,suffix_10
PRIV,insurance_summary,2011,PRIV11,suffix_11
PRIV,insurance_summary,2012,PRIV12,suffix_12
PRIV,insurance_summary,2013,PRIV13,suffix_13
PRIV,insurance_summary,2014,PRIV14,suffix_14
PRIV,insurance_summary,2015,PRIV15,suffix_15
PRIV,insurance_summary,2016,PRIV16,suffix_16
PRIV,insurance_summary,2017,PRIV17,suffix_17
PRIV,insurance_summary,2018,PRIV18,suffix_18
PRIV,insurance_summary,2019,PRIV19,suffix_19
PRIV,insurance_summary,2020,PRIV20,suffix_20
PRIV,insurance_summary,2021,PRIV21,suffix_21
PRIV,insurance_summary,2022,PRIV22,suffix_22
PRIV,insurance_summary,2023,PRIV23,suffix_23
MCARE,insurance_summary,2000,MCARE00,suffix_00
MCARE,insurance_summary,2001,MCARE01,suffix_01
MCARE,insurance_summary,2002,MCARE02,suffix_02
MCARE,insurance_summary,2003,MCARE03,suffix_03
MCARE,insurance_summary,2004,MCARE04,suffix_04
MCARE,insurance_summary,2005,MCARE05,suffix_05
MCARE,insurance_summary,2006,MCARE06,suffix_06
MCARE,insurance_summary,2007,MCARE07,suffix_07
MCARE,insurance_summary,2008,MCARE08,suffix_08
MCARE,insurance_summary,2009,MCARE09,suffix_09
MCARE,insurance_summary,2010,MCARE10,suffix_10
MCARE,insurance_summary,2011,MCARE11,suffix_11
MCARE,insurance_summary,2012,MCARE12,suffix_12
MCARE,insurance_summary,2013,MCARE13,suffix_13
MCARE,insurance_summary,2014,MCARE14,suffix_14
MCARE,insurance_summary,2015,MCARE15,suffix_15
MCARE,insurance_summary,2016,MCARE16,suffix_16
MCARE,insurance_summary,2017,MCARE17,suffix_17
MCARE,insurance_summary,2018,MCARE18,suffix_18
MCARE,insurance_summary,2019,MCARE19,suffix_19
MCARE,insurance_summary,2020,MCARE20,suffix_20
MCARE,insurance_summary,2021,MCARE21,suffix_21
MCARE,insurance_summary,2022,MCARE22,suffix_22
MCARE,insurance_summary,2023,MCARE23,suffix_23
MCAID,insurance_summary,2000,MCAID00,suffix_00
MCAID,insurance_summary,2001,MCAID01,suffix_01
MCAID,insurance_summary,2002,MCAID02,suffix_02
MCAID,insurance_summary,2003,MCAID03,suffix_03
MCAID,insurance_summary,2004,MCAID04,suffix_04
MCAID,insurance_summary,2005,MCAID05,suffix_05
MCAID,insurance_summary,2006,MCAID06,suffix_06
MCAID,insurance_summary,2007,MCAID07,suffix_07
MCAID,insurance_summary,2008,MCAID08,suffix_08
MCAID,insurance_summary,2009,MCAID09,suffix_09
MCAID,insurance_summary,2010,MCAID10,suffix_10
MCAID,insurance_summary,2011,MCAID11,suffix_11
MCAID,insurance_summary,2012,MCAID12,suffix_12
MCAID,insurance_summary,2013,MCAID13,suffix_13
MCAID,insurance_summary,2014,MCAID14,suffix_14
MCAID,insurance_summary,2015,MCAID15,suffix_15
MCAID,insurance_summary,2016,MCAID16,suffix_16
MCAID,insurance_summary,2017,MCAID17,suffix_17
MCAID,insurance_summary,2018,MCAID18,suffix_18
MCAID,insurance_summary,2019,MCAID19,suffix_19
MCAID,insurance_summary,2020,MCAID20,suffix_20
MCAID,insurance_summary,2021,MCAID21,suffix_21
MCAID,insurance_summary,2022,MCAID22,suffix_22
MCAID,insurance_summary,2023,MCAID23,suffix_23
MCRPHO,insurance_summary,2006,MCRPHO06,suffix_06
MCRPHO,insurance_summary,2007,MCRPHO07,suffix_07
MCRPHO,insurance_summary,2008,MCRPHO08,suffix_08
MCRPHO,insurance_summary,2009,MCRPHO09,suffix_09
MCRPHO,insurance_summary,2010,MCRPHO10,suffix_10
MCRPHO,insurance_summary,2011,MCRPHO11,suffix_11
MCRPHO,insurance_summary,2012,MCRPHO12,suffix_12
MCRPHO,insurance_summary,2013,MCRPHO13,suffix_13
MCRPHO,insurance_summary,2014,MCRPHO14,suffix_14
MCRPHO,insurance_summary,2015,MCRPHO15,suffix_15
MCRPHO,insurance_summary,2016,MCRPHO16,suffix_16
MCRPHO,insurance_summary,2017,MCRPHO17,suffix_17
MCRPHO,insurance_summary,2018,MCRPHO18,suffix_18
MCRPHO,insurance_summary,2019,MCRPHO19,suffix_19
MCRPHO,insurance_summary,2020,MCRPHO20,suffix_20
MCRPHO,insurance_summary,2021,MCRPHO21,suffix_21
MCRPHO,insurance_summary,2022,MCRPHO22,suffix_22
MCRPHO,insurance_summary,2023,MCRPHO23,suffix_23
DLAYCA42,access,2018,DLAYCA42,exact
DLAYCA42,access,2019,DLAYCA42,exact
DLAYCA42,access,2020,DLAYCA42,exact
DLAYCA42,access,2021,DLAYCA42,exact
DLAYCA42,access,2022,DLAYCA42,exact
DLAYCA42,access,2023,DLAYCA42,exact
AFRDCA42,access,2018,AFRDCA42,exact
AFRDCA42,access,2019,AFRDCA42,exact
AFRDCA42,access,2020,AFRDCA42,exact
AFRDCA42,access,2021,AFRDCA42,exact
AFRDCA42,access,2022,AFRDCA42,exact
AFRDCA42,access,2023,AFRDCA42,exact
DLAYPM42,access,2018,DLAYPM42,exact
DLAYPM42,access,2019,DLAYPM42,exact
DLAYPM42,access,2020,DLAYPM42,exact
DLAYPM42,access,2021,DLAYPM42,exact
DLAYPM42,access,2022,DLAYPM42,exact
DLAYPM42,access,2023,DLAYPM42,exact
AFRDPM42,access,2018,AFRDPM42,exact
AFRDPM42,access,2019,AFRDPM42,exact
AFRDPM42,access,2020,AFRDPM42,exact
AFRDPM42,access,2021,AFRDPM42,exact
AFRDPM42,access,2022,AFRDPM42,exact
AFRDPM42,access,2023,AFRDPM42,exact
MDDLAY42,access,2002,MDDLAY42,exact
MDDLAY42,access,2003,MDDLAY42,exact
MDDLAY42,access,2004,MDDLAY42,exact
MDDLAY42,access,2005,MDDLAY42,exact
MDDLAY42,access,2006,MDDLAY42,exact
MDDLAY42,access,2007,MDDLAY42,exact
MDDLAY42,access,2008,MDDLAY42,exact
MDDLAY42,access,2009,MDDLAY42,exact
MDDLAY42,access,2010,MDDLAY42,exact
MDDLAY42,access,2011,MDDLAY42,exact
MDDLAY42,access,2012,MDDLAY42,exact
MDDLAY42,access,2013,MDDLAY42,exact
MDDLAY42,access,2014,MDDLAY42,exact
MDDLAY42,access,2015,MDDLAY42,exact
MDDLAY42,access,2016,MDDLAY42,exact
MDDLAY42,access,2017,MDDLAY42,exact
MDUNAB42,access,2002,MDUNAB42,exact
MDUNAB42,access,2003,MDUNAB42,exact
MDUNAB42,access,2004,MDUNAB42,exact
MDUNAB42,access,2005,MDUNAB42,exact
MDUNAB42,access,2006,MDUNAB42,exact
MDUNAB42,access,2007,MDUNAB42,exact
MDUNAB42,access,2008,MDUNAB42,exact
MDUNAB42,access,2009,MDUNAB42,exact
MDUNAB42,access,2010,MDUNAB42,exact
MDUNAB42,access,2011,MDUNAB42,exact
MDUNAB42,access,2012,MDUNAB42,exact
MDUNAB42,access,2013,MDUNAB42,exact
MDUNAB42,access,2014,MDUNAB42,exact
MDUNAB42,access,2015,MDUNAB42,exact
MDUNAB42,access,2016,MDUNAB42,exact
MDUNAB42,access,2017,MDUNAB42,exact
PMDLAY42,access,2002,PMDLAY42,exact
PMDLAY42,access,2003,PMDLAY42,exact
PMDLAY42,access,2004,PMDLAY42,exact
PMDLAY42,access,2005,PMDLAY42,exact
PMDLAY42,access,2006,PMDLAY42,exact
PMDLAY42,access,2007,PMDLAY42,exact
PMDLAY42,access,2008,PMDLAY42,exact
PMDLAY42,access,2009,PMDLAY42,exact
PMDLAY42,access,2010,PMDLAY42,exact
PMDLAY42,access,2011,PMDLAY42,exact
PMDLAY42,access,2012,PMDLAY42,exact
PMDLAY42,access,2013,PMDLAY42,exact
PMDLAY42,access,2014,PMDLAY42,exact
PMDLAY42,access,2015,PMDLAY42,exact
PMDLAY42,access,2016,PMDLAY42,exact
PMDLAY42,access,2017,PMDLAY42,exact
PMUNAB42,access,2002,PMUNAB42,exact
PMUNAB42,access,2003,PMUNAB42,exact
PMUNAB42,access,2004,PMUNAB42,exact
PMUNAB42,access,2005,PMUNAB42,exact
PMUNAB42,access,2006,PMUNAB42,exact
PMUNAB42,access,2007,PMUNAB42,exact
PMUNAB42,access,2008,PMUNAB42,exact
PMUNAB42,access,2009,PMUNAB42,exact
PMUNAB42,access,2010,PMUNAB42,exact
PMUNAB42,access,2011,PMUNAB42,exact
PMUNAB42,access,2012,PMUNAB42,exact
PMUNAB42,access,2013,PMUNAB42,exact
PMUNAB42,access,2014,PMUNAB42,exact
PMUNAB42,access,2015,PMUNAB42,exact
PMUNAB42,access,2016,PMUNAB42,exact
PMUNAB42,access,2017,PMUNAB42,exact
HAVEUS42,access,1999,HAVEUS42,exact
HAVEUS42,access,2000,HAVEUS42,exact
HAVEUS42,access,2001,HAVEUS42,exact
HAVEUS42,access,2002,HAVEUS42,exact
HAVEUS42,access,2003,HAVEUS42,exact
HAVEUS42,access,2004,HAVEUS42,exact
HAVEUS42,access,2005,HAVEUS42,exact
HAVEUS42,access,2006,HAVEUS42,exact
HAVEUS42,access,2007,HAVEUS42,exact
HAVEUS42,access,2008,HAVEUS42,exact
HAVEUS42,access,2009,HAVEUS42,exact
HAVEUS42,access,2010,HAVEUS42,exact
HAVEUS42,access,2011,HAVEUS42,exact
HAVEUS42,access,2012,HAVEUS42,exact
HAVEUS42,access,2013,HAVEUS42,exact
HAVEUS42,access,2014,HAVEUS42,exact
HAVEUS42,access,2015,HAVEUS42,exact
HAVEUS42,access,2016,HAVEUS42,exact
HAVEUS42,access,2017,HAVEUS42,exact
HAVEUS42,access,2018,HAVEUS42,exact
HAVEUS42,access,2019,HAVEUS42,exact
HAVEUS42,access,2020,HAVEUS42,exact
HAVEUS42,access,2021,HAVEUS42,exact
HAVEUS42,access,2022,HAVEUS42,exact
HAVEUS42,access,2023,HAVEUS42,exact
TOTEXP,spending,1996,TOTEXP96,suffix_96
TOTEXP,spending,1997,TOTEXP97,suffix_97
TOTEXP,spending,1998,TOTEXP98,suffix_98
TOTEXP,spending,1999,TOTEXP99,suffix_99
TOTEXP,spending,2000,TOTEXP00,suffix_00
TOTEXP,spending,2001,TOTEXP01,suffix_01
TOTEXP,spending,2002,TOTEXP02,suffix_02
TOTEXP,spending,2003,TOTEXP03,suffix_03
TOTEXP,spending,2004,TOTEXP04,suffix_04
TOTEXP,spending,2005,TOTEXP05,suffix_05
TOTEXP,spending,2006,TOTEXP06,suffix_06
TOTEXP,spending,2007,TOTEXP07,suffix_07
TOTEXP,spending,2008,TOTEXP08,suffix_08
TOTEXP,spending,2009,TOTEXP09,suffix_09
TOTEXP,spending,2010,TOTEXP10,suffix_10
TOTEXP,spending,2011,TOTEXP11,suffix_11
TOTEXP,spending,2012,TOTEXP12,suffix_12
TOTEXP,spending,2013,TOTEXP13,suffix_13
TOTEXP,spending,2014,TOTEXP14,suffix_14
TOTEXP,spending,2015,TOTEXP15,suffix_15
TOTEXP,spending,2016,TOTEXP16,suffix_16
TOTEXP,spending,2017,TOTEXP17,suffix_17
TOTEXP,spending,2018,TOTEXP18,suffix_18
TOTEXP,spending,2019,TOTEXP19,suffix_19
TOTEXP,spending,2020,TOTEXP20,suffix_20
TOTEXP,spending,2021,TOTEXP21,suffix_21
TOTEXP,spending,2022,TOTEXP22,suffix_22
TOTEXP,spending,2023,TOTEXP23,suffix_23
TOTSLF,spending,1996,TOTSLF96,suffix_96
TOTSLF,spending,1997,TOTSLF97,suffix_97
TOTSLF,spending,1998,TOTSLF98,suffix_98
TOTSLF,spending,1999,TOTSLF99,suffix_99
TOTSLF,spending,2000,TOTSLF00,suffix_00
TOTSLF,spending,2001,TOTSLF01,suffix_01
TOTSLF,spending,2002,TOTSLF02,suffix_02
TOTSLF,spending,2003,TOTSLF03,suffix_03
TOTSLF,spending,2004,TOTSLF04,suffix_04
TOTSLF,spending,2005,TOTSLF05,suffix_05
TOTSLF,spending,2006,TOTSLF06,suffix_06
TOTSLF,spending,2007,TOTSLF07,suffix_07
TOTSLF,spending,2008,TOTSLF08,suffix_08
TOTSLF,spending,2009,TOTSLF09,suffix_09
TOTSLF,spending,2010,TOTSLF10,suffix_10
TOTSLF,spending,2011,TOTSLF11,suffix_11
TOTSLF,spending,2012,TOTSLF12,suffix_12
TOTSLF,spending,2013,TOTSLF13,suffix_13
TOTSLF,spending,2014,TOTSLF14,suffix_14
TOTSLF,spending,2015,TOTSLF15,suffix_15
TOTSLF,spending,2016,TOTSLF16,suffix_16
TOTSLF,spending,2017,TOTSLF17,suffix_17
TOTSLF,spending,2018,TOTSLF18,suffix_18
TOTSLF,spending,2019,TOTSLF19,suffix_19
TOTSLF,spending,2020,TOTSLF20,suffix_20
TOTSLF,spending,2021,TOTSLF21,suffix_21
TOTSLF,spending,2022,TOTSLF22,suffix_22
TOTSLF,spending,2023,TOTSLF23,suffix_23
TOTMCR,spending,1996,TOTMCR96,suffix_96
TOTMCR,spending,1997,TOTMCR97,suffix_97
TOTMCR,spending,1998,TOTMCR98,suffix_98
TOTMCR,spending,1999,TOTMCR99,suffix_99
TOTMCR,spending,2000,TOTMCR00,suffix_00
TOTMCR,spending,2001,TOTMCR01,suffix_01
TOTMCR,spending,2002,TOTMCR02,suffix_02
TOTMCR,spending,2003,TOTMCR03,suffix_03
TOTMCR,spending,2004,TOTMCR04,suffix_04
TOTMCR,spending,2005,TOTMCR05,suffix_05
TOTMCR,spending,2006,TOTMCR06,suffix_06
TOTMCR,spending,2007,TOTMCR07,suffix_07
TOTMCR,spending,2008,TOTMCR08,suffix_08
TOTMCR,spending,2009,TOTMCR09,suffix_09
TOTMCR,spending,2010,TOTMCR10,suffix_10
TOTMCR,spending,2011,TOTMCR11,suffix_11
TOTMCR,spending,2012,TOTMCR12,suffix_12
TOTMCR,spending,2013,TOTMCR13,suffix_13
TOTMCR,spending,2014,TOTMCR14,suffix_14
TOTMCR,spending,2015,TOTMCR15,suffix_15
TOTMCR,spending,2016,TOTMCR16,suffix_16
TOTMCR,spending,2017,TOTMCR17,suffix_17
TOTMCR,spending,2018,TOTMCR18,suffix_18
TOTMCR,spending,2019,TOTMCR19,suffix_19
TOTMCR,spending,2020,TOTMCR20,suffix_20
TOTMCR,spending,2021,TOTMCR21,suffix_21
TOTMCR,spending,2022,TOTMCR22,suffix_22
TOTMCR,spending,2023,TOTMCR23,suffix_23
TOTMCD,spending,1996,TOTMCD96,suffix_96
TOTMCD,spending,1997,TOTMCD97,suffix_97
TOTMCD,spending,1998,TOTMCD98,suffix_98
TOTMCD,spending,1999,TOTMCD99,suffix_99
TOTMCD,spending,2000,TOTMCD00,suffix_00
TOTMCD,spending,2001,TOTMCD01,suffix_01
TOTMCD,spending,2002,TOTMCD02,suffix_02
TOTMCD,spending,2003,TOTMCD03,suffix_03
TOTMCD,spending,2004,TOTMCD04,suffix_04
TOTMCD,spending,2005,TOTMCD05,suffix_05
TOTMCD,spending,2006,TOTMCD06,suffix_06
TOTMCD,spending,2007,TOTMCD07,suffix_07
TOTMCD,spending,2008,TOTMCD08,suffix_08
TOTMCD,spending,2009,TOTMCD09,suffix_09
TOTMCD,spending,2010,TOTMCD10,suffix_10
TOTMCD,spending,2011,TOTMCD11,suffix_11
TOTMCD,spending,2012,TOTMCD12,suffix_12
TOTMCD,spending,2013,TOTMCD13,suffix_13
TOTMCD,spending,2014,TOTMCD14,suffix_14
TOTMCD,spending,2015,TOTMCD15,suffix_15
TOTMCD,spending,2016,TOTMCD16,suffix_16
TOTMCD,spending,2017,TOTMCD17,suffix_17
TOTMCD,spending,2018,TOTMCD18,suffix_18
TOTMCD,spending,2019,TOTMCD19,suffix_19
TOTMCD,spending,2020,TOTMCD20,suffix_20
TOTMCD,spending,2021,TOTMCD21,suffix_21
TOTMCD,spending,2022,TOTMCD22,suffix_22
TOTMCD,spending,2023,TOTMCD23,suffix_23
TOTPRV,spending,1996,TOTPRV96,suffix_96
TOTPRV,spending,1997,TOTPRV97,suffix_97
TOTPRV,spending,1998,TOTPRV98,suffix_98
TOTPRV,spending,1999,TOTPRV99,suffix_99
TOTPRV,spending,2000,TOTPRV00,suffix_00
TOTPRV,spending,2001,TOTPRV01,suffix_01
TOTPRV,spending,2002,TOTPRV02,suffix_02
TOTPRV,spending,2003,TOTPRV03,suffix_03
TOTPRV,spending,2004,TOTPRV04,suffix_04
TOTPRV,spending,2005,TOTPRV05,suffix_05
TOTPRV,spending,2006,TOTPRV06,suffix_06
TOTPRV,spending,2007,TOTPRV07,suffix_07
TOTPRV,spending,2008,TOTPRV08,suffix_08
TOTPRV,spending,2009,TOTPRV09,suffix_09
TOTPRV,spending,2010,TOTPRV10,suffix_10
TOTPRV,spending,2011,TOTPRV11,suffix_11
TOTPRV,spending,2012,TOTPRV12,suffix_12
TOTPRV,spending,2013,TOTPRV13,suffix_13
TOTPRV,spending,2014,TOTPRV14,suffix_14
TOTPRV,spending,2015,TOTPRV15,suffix_15
TOTPRV,spending,2016,TOTPRV16,suffix_16
TOTPRV,spending,2017,TOTPRV17,suffix_17
TOTPRV,spending,2018,TOTPRV18,suffix_18
TOTPRV,spending,2019,TOTPRV19,suffix_19
TOTPRV,spending,2020,TOTPRV20,suffix_20
TOTPRV,spending,2021,TOTPRV21,suffix_21
TOTPRV,spending,2022,TOTPRV22,suffix_22
TOTPRV,spending,2023,TOTPRV23,suffix_23
RXEXP,spending,1996,RXEXP96,suffix_96
RXEXP,spending,1997,RXEXP97,suffix_97
RXEXP,spending,1998,RXEXP98,suffix_98
RXEXP,spending,1999,RXEXP99,suffix_99
RXEXP,spending,2000,RXEXP00,suffix_00
RXEXP,spending,2001,RXEXP01,suffix_01
RXEXP,spending,2002,RXEXP02,suffix_02
RXEXP,spending,2003,RXEXP03,suffix_03
RXEXP,spending,2004,RXEXP04,suffix_04
RXEXP,spending,2005,RXEXP05,suffix_05
RXEXP,spending,2006,RXEXP06,suffix_06
RXEXP,spending,2007,RXEXP07,suffix_07
RXEXP,spending,2008,RXEXP08,suffix_08
RXEXP,spending,2009,RXEXP09,suffix_09
RXEXP,spending,2010,RXEXP10,suffix_10
RXEXP,spending,2011,RXEXP11,suffix_11
RXEXP,spending,2012,RXEXP12,suffix_12
RXEXP,spending,2013,RXEXP13,suffix_13
RXEXP,spending,2014,RXEXP14,suffix_14
RXEXP,spending,2015,RXEXP15,suffix_15
RXEXP,spending,2016,RXEXP16,suffix_16
RXEXP,spending,2017,RXEXP17,suffix_17
RXEXP,spending,2018,RXEXP18,suffix_18
RXEXP,spending,2019,RXEXP19,suffix_19
RXEXP,spending,2020,RXEXP20,suffix_20
RXEXP,spending,2021,RXEXP21,suffix_21
RXEXP,spending,2022,RXEXP22,suffix_22
RXEXP,spending,2023,RXEXP23,suffix_23
RXSLF,spending,1996,RXSLF96,suffix_96
RXSLF,spending,1997,RXSLF97,suffix_97
RXSLF,spending,1998,RXSLF98,suffix_98
RXSLF,spending,1999,RXSLF99,suffix_99
RXSLF,spending,2000,RXSLF00,suffix_00
RXSLF,spending,2001,RXSLF01,suffix_01
RXSLF,spending,2002,RXSLF02,suffix_02
RXSLF,spending,2003,RXSLF03,suffix_03
RXSLF,spending,2004,RXSLF04,suffix_04
RXSLF,spending,2005,RXSLF05,suffix_05
RXSLF,spending,2006,RXSLF06,suffix_06
RXSLF,spending,2007,RXSLF07,suffix_07
RXSLF,spending,2008,RXSLF08,suffix_08
RXSLF,spending,2009,RXSLF09,suffix_09
RXSLF,spending,2010,RXSLF10,suffix_10
RXSLF,spending,2011,RXSLF11,suffix_11
RXSLF,spending,2012,RXSLF12,suffix_12
RXSLF,spending,2013,RXSLF13,suffix_13
RXSLF,spending,2014,RXSLF14,suffix_14
RXSLF,spending,2015,RXSLF15,suffix_15
RXSLF,spending,2016,RXSLF16,suffix_16
RXSLF,spending,2017,RXSLF17,suffix_17
RXSLF,spending,2018,RXSLF18,suffix_18
RXSLF,spending,2019,RXSLF19,suffix_19
RXSLF,spending,2020,RXSLF20,suffix_20
RXSLF,spending,2021,RXSLF21,suffix_21
RXSLF,spending,2022,RXSLF22,suffix_22
RXSLF,spending,2023,RXSLF23,suffix_23
OBTOTV,utilization,1996,OBTOTV96,suffix_96
OBTOTV,utilization,1997,OBTOTV97,suffix_97
OBTOTV,utilization,1998,OBTOTV98,suffix_98
OBTOTV,utilization,1999,OBTOTV99,suffix_99
OBTOTV,utilization,2000,OBTOTV00,suffix_00
OBTOTV,utilization,2001,OBTOTV01,suffix_01
OBTOTV,utilization,2002,OBTOTV02,suffix_02
OBTOTV,utilization,2003,OBTOTV03,suffix_03
OBTOTV,utilization,2004,OBTOTV04,suffix_04
OBTOTV,utilization,2005,OBTOTV05,suffix_05
OBTOTV,utilization,2006,OBTOTV06,suffix_06
OBTOTV,utilization,2007,OBTOTV07,suffix_07
OBTOTV,utilization,2008,OBTOTV08,suffix_08
OBTOTV,utilization,2009,OBTOTV09,suffix_09
OBTOTV,utilization,2010,OBTOTV10,suffix_10
OBTOTV,utilization,2011,OBTOTV11,suffix_11
OBTOTV,utilization,2012,OBTOTV12,suffix_12
OBTOTV,utilization,2013,OBTOTV13,suffix_13
OBTOTV,utilization,2014,OBTOTV14,suffix_14
OBTOTV,utilization,2015,OBTOTV15,suffix_15
OBTOTV,utilization,2016,OBTOTV16,suffix_16
OBTOTV,utilization,2017,OBTOTV17,suffix_17
OBTOTV,utilization,2018,OBTOTV18,suffix_18
OBTOTV,utilization,2019,OBTOTV19,suffix_19
OBTOTV,utilization,2020,OBTOTV20,suffix_20
OBTOTV,utilization,2021,OBTOTV21,suffix_21
OBTOTV,utilization,2022,OBTOTV22,suffix_22
OBTOTV,utilization,2023,OBTOTV23,suffix_23
ERTOT,utilization,1996,ERTOT96,suffix_96
ERTOT,utilization,1997,ERTOT97,suffix_97
ERTOT,utilization,1998,ERTOT98,suffix_98
ERTOT,utilization,1999,ERTOT99,suffix_99
ERTOT,utilization,2000,ERTOT00,suffix_00
ERTOT,utilization,2001,ERTOT01,suffix_01
ERTOT,utilization,2002,ERTOT02,suffix_02
ERTOT,utilization,2003,ERTOT03,suffix_03
ERTOT,utilization,2004,ERTOT04,suffix_04
ERTOT,utilization,2005,ERTOT05,suffix_05
ERTOT,utilization,2006,ERTOT06,suffix_06
ERTOT,utilization,2007,ERTOT07,suffix_07
ERTOT,utilization,2008,ERTOT08,suffix_08
ERTOT,utilization,2009,ERTOT09,suffix_09
ERTOT,utilization,2010,ERTOT10,suffix_10
ERTOT,utilization,2011,ERTOT11,suffix_11
ERTOT,utilization,2012,ERTOT12,suffix_12
ERTOT,utilization,2013,ERTOT13,suffix_13
ERTOT,utilization,2014,ERTOT14,suffix_14
ERTOT,utilization,2015,ERTOT15,suffix_15
ERTOT,utilization,2016,ERTOT16,suffix_16
ERTOT,utilization,2017,ERTOT17,suffix_17
ERTOT,utilization,2018,ERTOT18,suffix_18
ERTOT,utilization,2019,ERTOT19,suffix_19
ERTOT,utilization,2020,ERTOT20,suffix_20
ERTOT,utilization,2021,ERTOT21,suffix_21
ERTOT,utilization,2022,ERTOT22,suffix_22
ERTOT,utilization,2023,ERTOT23,suffix_23
IPDIS,utilization,1996,IPDIS96,suffix_96
IPDIS,utilization,1997,IPDIS97,suffix_97
IPDIS,utilization,1998,IPDIS98,suffix_98
IPDIS,utilization,1999,IPDIS99,suffix_99
IPDIS,utilization,2000,IPDIS00,suffix_00
IPDIS,utilization,2001,IPDIS01,suffix_01
IPDIS,utilization,2002,IPDIS02,suffix_02
IPDIS,utilization,2003,IPDIS03,suffix_03
IPDIS,utilization,2004,IPDIS04,suffix_04
IPDIS,utilization,2005,IPDIS05,suffix_05
IPDIS,utilization,2006,IPDIS06,suffix_06
IPDIS,utilization,2007,IPDIS07,suffix_07
IPDIS,utilization,2008,IPDIS08,suffix_08
IPDIS,utilization,2009,IPDIS09,suffix_09
IPDIS,utilization,2010,IPDIS10,suffix_10
IPDIS,utilization,2011,IPDIS11,suffix_11
IPDIS,utilization,2012,IPDIS12,suffix_12
IPDIS,utilization,2013,IPDIS13,suffix_13
IPDIS,utilization,2014,IPDIS14,suffix_14
IPDIS,utilization,2015,IPDIS15,suffix_15
IPDIS,utilization,2016,IPDIS16,suffix_16
IPDIS,utilization,2017,IPDIS17,suffix_17
IPDIS,utilization,2018,IPDIS18,suffix_18
IPDIS,utilization,2019,IPDIS19,suffix_19
IPDIS,utilization,2020,IPDIS20,suffix_20
IPDIS,utilization,2021,IPDIS21,suffix_21
IPDIS,utilization,2022,IPDIS22,suffix_22
IPDIS,utilization,2023,IPDIS23,suffix_23
RXTOT,utilization,1996,RXTOT96,suffix_96
RXTOT,utilization,1997,RXTOT97,suffix_97
RXTOT,utilization,1998,RXTOT98,suffix_98
RXTOT,utilization,1999,RXTOT99,suffix_99
RXTOT,utilization,2000,RXTOT00,suffix_00
RXTOT,utilization,2001,RXTOT01,suffix_01
RXTOT,utilization,2002,RXTOT02,suffix_02
RXTOT,utilization,2003,RXTOT03,suffix_03
RXTOT,utilization,2004,RXTOT04,suffix_04
RXTOT,utilization,2005,RXTOT05,suffix_05
RXTOT,utilization,2006,RXTOT06,suffix_06
RXTOT,utilization,2007,RXTOT07,suffix_07
RXTOT,utilization,2008,RXTOT08,suffix_08
RXTOT,utilization,2009,RXTOT09,suffix_09
RXTOT,utilization,2010,RXTOT10,suffix_10
RXTOT,utilization,2011,RXTOT11,suffix_11
RXTOT,utilization,2012,RXTOT12,suffix_12
RXTOT,utilization,2013,RXTOT13,suffix_13
RXTOT,utilization,2014,RXTOT14,suffix_14
RXTOT,utilization,2015,RXTOT15,suffix_15
RXTOT,utilization,2016,RXTOT16,suffix_16
RXTOT,utilization,2017,RXTOT17,suffix_17
RXTOT,utilization,2018,RXTOT18,suffix_18
RXTOT,utilization,2019,RXTOT19,suffix_19
RXTOT,utilization,2020,RXTOT20,suffix_20
RXTOT,utilization,2021,RXTOT21,suffix_21
RXTOT,utilization,2022,RXTOT22,suffix_22
RXTOT,utilization,2023,RXTOT23,suffix_23
PROBPY42,bill_stress,2014,PROBPY42,exact
PROBPY42,bill_stress,2015,PROBPY42,exact
PROBPY42,bill_stress,2016,PROBPY42,exact
PROBPY42,bill_stress,2017,PROBPY42,exact
PROBPY42,bill_stress,2018,PROBPY42,exact
PROBPY42,bill_stress,2019,PROBPY42,exact
PROBPY42,bill_stress,2020,PROBPY42,exact
PROBPY42,bill_stress,2021,PROBPY42,exact
PROBPY42,bill_stress,2022,PROBPY42,exact
PROBPY42,bill_stress,2023,PROBPY42,exact
PYUNBL42,bill_stress,2014,PYUNBL42,exact
PYUNBL42,bill_stress,2015,PYUNBL42,exact
PYUNBL42,bill_stress,2016,PYUNBL42,exact
PYUNBL42,bill_stress,2017,PYUNBL42,exact
PYUNBL42,bill_stress,2018,PYUNBL42,exact
PYUNBL42,bill_stress,2019,PYUNBL42,exact
PYUNBL42,bill_stress,2020,PYUNBL42,exact
PYUNBL42,bill_stress,2021,PYUNBL42,exact
PYUNBL42,bill_stress,2022,PYUNBL42,exact
PYUNBL42,bill_stress,2023,PYUNBL42,exact
CRFMPY42,bill_stress,2014,CRFMPY42,exact
CRFMPY42,bill_stress,2015,CRFMPY42,exact
CRFMPY42,bill_stress,2016,CRFMPY42,exact
CRFMPY42,bill_stress,2017,CRFMPY42,exact
CRFMPY42,bill_stress,2018,CRFMPY42,exact
CRFMPY42,bill_stress,2019,CRFMPY42,exact
CRFMPY42,bill_stress,2020,CRFMPY42,exact
CRFMPY42,bill_stress,2021,CRFMPY42,exact
CRFMPY42,bill_stress,2022,CRFMPY42,exact
CRFMPY42,bill_stress,2023,CRFMPY42,exact
RTHLTH42,health,1997,RTHLTH42,exact
RTHLTH42,health,1998,RTHLTH42,exact
RTHLTH42,health,1999,RTHLTH42,exact
RTHLTH42,health,2000,RTHLTH42,exact
RTHLTH42,health,2001,RTHLTH42,exact
RTHLTH42,health,2002,RTHLTH42,exact
RTHLTH42,health,2003,RTHLTH42,exact
RTHLTH42,health,2004,RTHLTH42,exact
RTHLTH42,health,2005,RTHLTH42,exact
RTHLTH42,health,2006,RTHLTH42,exact
RTHLTH42,health,2007,RTHLTH42,exact
RTHLTH42,health,2008,RTHLTH42,exact
RTHLTH42,health,2009,RTHLTH42,exact
RTHLTH42,health,2010,RTHLTH42,exact
RTHLTH42,health,2011,RTHLTH42,exact
RTHLTH42,health,2012,RTHLTH42,exact
RTHLTH42,health,2013,RTHLTH42,exact
RTHLTH42,health,2014,RTHLTH42,exact
RTHLTH42,health,2015,RTHLTH42,exact
RTHLTH42,health,2016,RTHLTH42,exact
RTHLTH42,health,2017,RTHLTH42,exact
RTHLTH42,health,2018,RTHLTH42,exact
RTHLTH42,health,2019,RTHLTH42,exact
RTHLTH42,health,2020,RTHLTH42,exact
RTHLTH42,health,2021,RTHLTH42,exact
RTHLTH42,health,2022,RTHLTH42,exact
RTHLTH42,health,2023,RTHLTH42,exact
MNHLTH42,health,1997,MNHLTH42,exact
MNHLTH42,health,1998,MNHLTH42,exact
MNHLTH42,health,1999,MNHLTH42,exact
MNHLTH42,health,2000,MNHLTH42,exact
MNHLTH42,health,2001,MNHLTH42,exact
MNHLTH42,health,2002,MNHLTH42,exact
MNHLTH42,health,2003,MNHLTH42,exact
MNHLTH42,health,2004,MNHLTH42,exact
MNHLTH42,health,2005,MNHLTH42,exact
MNHLTH42,health,2006,MNHLTH42,exact
MNHLTH42,health,2007,MNHLTH42,exact
MNHLTH42,health,2008,MNHLTH42,exact
MNHLTH42,health,2009,MNHLTH42,exact
MNHLTH42,health,2010,MNHLTH42,exact
MNHLTH42,health,2011,MNHLTH42,exact
MNHLTH42,health,2012,MNHLTH42,exact
MNHLTH42,health,2013,MNHLTH42,exact
MNHLTH42,health,2014,MNHLTH42,exact
MNHLTH42,health,2015,MNHLTH42,exact
MNHLTH42,health,2016,MNHLTH42,exact
MNHLTH42,health,2017,MNHLTH42,exact
MNHLTH42,health,2018,MNHLTH42,exact
MNHLTH42,health,2019,MNHLTH42,exact
MNHLTH42,health,2020,MNHLTH42,exact
MNHLTH42,health,2021,MNHLTH42,exact
MNHLTH42,health,2022,MNHLTH42,exact
MNHLTH42,health,2023,MNHLTH42,exact
PCS42,health,2000,PCS42,exact
PCS42,health,2001,PCS42,exact
PCS42,health,2002,PCS42,exact
PCS42,health,2003,PCS42,exact
PCS42,health,2004,PCS42,exact
PCS42,health,2005,PCS42,exact
PCS42,health,2006,PCS42,exact
PCS42,health,2007,PCS42,exact
PCS42,health,2008,PCS42,exact
PCS42,health,2009,PCS42,exact
PCS42,health,2010,PCS42,exact
PCS42,health,2011,PCS42,exact
PCS42,health,2012,PCS42,exact
PCS42,health,2013,PCS42,exact
PCS42,health,2014,PCS42,exact
PCS42,health,2015,PCS42,exact
PCS42,health,2016,PCS42,exact
MCS42,health,2000,MCS42,exact
MCS42,health,2001,MCS42,exact
MCS42,health,2002,MCS42,exact
MCS42,health,2003,MCS42,exact
MCS42,health,2004,MCS42,exact
MCS42,health,2005,MCS42,exact
MCS42,health,2006,MCS42,exact
MCS42,health,2007,MCS42,exact
MCS42,health,2008,MCS42,exact
MCS42,health,2009,MCS42,exact
MCS42,health,2010,MCS42,exact
MCS42,health,2011,MCS42,exact
MCS42,health,2012,MCS42,exact
MCS42,health,2013,MCS42,exact
MCS42,health,2014,MCS42,exact
MCS42,health,2015,MCS42,exact
MCS42,health,2016,MCS42,exact
VPCS42,health,2017,VPCS42,exact
VPCS42,health,2018,VPCS42,exact
VPCS42,health,2019,VPCS42,exact
VPCS42,health,2020,VPCS42,exact
VPCS42,health,2021,VPCS42,exact
VPCS42,health,2022,VPCS42,exact
VPCS42,health,2023,VPCS42,exact
VMCS42,health,2017,VMCS42,exact
VMCS42,health,2018,VMCS42,exact
VMCS42,health,2019,VMCS42,exact
VMCS42,health,2020,VMCS42,exact
VMCS42,health,2021,VMCS42,exact
VMCS42,health,2022,VMCS42,exact
VMCS42,health,2023,VMCS42,exact
HIBPDX,chronic,2007,HIBPDX,exact
HIBPDX,chronic,2008,HIBPDX,exact
HIBPDX,chronic,2009,HIBPDX,exact
HIBPDX,chronic,2010,HIBPDX,exact
HIBPDX,chronic,2011,HIBPDX,exact
HIBPDX,chronic,2012,HIBPDX,exact
HIBPDX,chronic,2013,HIBPDX,exact
HIBPDX,chronic,2014,HIBPDX,exact
HIBPDX,chronic,2015,HIBPDX,exact
HIBPDX,chronic,2016,HIBPDX,exact
HIBPDX,chronic,2017,HIBPDX,exact
HIBPDX,chronic,2018,HIBPDX,exact
HIBPDX,chronic,2019,HIBPDX,exact
HIBPDX,chronic,2020,HIBPDX,exact
HIBPDX,chronic,2021,HIBPDX,exact
HIBPDX,chronic,2022,HIBPDX,exact
HIBPDX,chronic,2023,HIBPDX,exact
CHDDX,chronic,2007,CHDDX,exact
CHDDX,chronic,2008,CHDDX,exact
CHDDX,chronic,2009,CHDDX,exact
CHDDX,chronic,2010,CHDDX,exact
CHDDX,chronic,2011,CHDDX,exact
CHDDX,chronic,2012,CHDDX,exact
CHDDX,chronic,2013,CHDDX,exact
CHDDX,chronic,2014,CHDDX,exact
CHDDX,chronic,2015,CHDDX,exact
CHDDX,chronic,2016,CHDDX,exact
CHDDX,chronic,2017,CHDDX,exact
CHDDX,chronic,2018,CHDDX,exact
CHDDX,chronic,2019,CHDDX,exact
CHDDX,chronic,2020,CHDDX,exact
CHDDX,chronic,2021,CHDDX,exact
CHDDX,chronic,2022,CHDDX,exact
CHDDX,chronic,2023,CHDDX,exact
STRKDX,chronic,2007,STRKDX,exact
STRKDX,chronic,2008,STRKDX,exact
STRKDX,chronic,2009,STRKDX,exact
STRKDX,chronic,2010,STRKDX,exact
STRKDX,chronic,2011,STRKDX,exact
STRKDX,chronic,2012,STRKDX,exact
STRKDX,chronic,2013,STRKDX,exact
STRKDX,chronic,2014,STRKDX,exact
STRKDX,chronic,2015,STRKDX,exact
STRKDX,chronic,2016,STRKDX,exact
STRKDX,chronic,2017,STRKDX,exact
STRKDX,chronic,2018,STRKDX,exact
STRKDX,chronic,2019,STRKDX,exact
STRKDX,chronic,2020,STRKDX,exact
STRKDX,chronic,2021,STRKDX,exact
STRKDX,chronic,2022,STRKDX,exact
STRKDX,chronic,2023,STRKDX,exact
DIABDX,chronic,2007,DIABDX,exact
DIABDX,chronic,2008,DIABDX,exact
DIABDX,chronic,2009,DIABDX,exact
DIABDX,chronic,2010,DIABDX,exact
DIABDX,chronic,2011,DIABDX,exact
DIABDX,chronic,2012,DIABDX,exact
DIABDX,chronic,2013,DIABDX,exact
DIABDX,chronic,2014,DIABDX,exact
DIABDX,chronic,2015,DIABDX,exact
DIABDX,chronic,2016,DIABDX,exact
DIABDX,chronic,2017,DIABDX,exact
DIABDX_M18,chronic,2018,DIABDX_M18,exact
DIABDX_M18,chronic,2019,DIABDX_M18,exact
DIABDX_M18,chronic,2020,DIABDX_M18,exact
DIABDX_M18,chronic,2021,DIABDX_M18,exact
DIABDX_M18,chronic,2022,DIABDX_M18,exact
DIABDX_M18,chronic,2023,DIABDX_M18,exact
ARTHDX,chronic,2007,ARTHDX,exact
ARTHDX,chronic,2008,ARTHDX,exact
ARTHDX,chronic,2009,ARTHDX,exact
ARTHDX,chronic,2010,ARTHDX,exact
ARTHDX,chronic,2011,ARTHDX,exact
ARTHDX,chronic,2012,ARTHDX,exact
ARTHDX,chronic,2013,ARTHDX,exact
ARTHDX,chronic,2014,ARTHDX,exact
ARTHDX,chronic,2015,ARTHDX,exact
ARTHDX,chronic,2016,ARTHDX,exact
ARTHDX,chronic,2017,ARTHDX,exact
ARTHDX,chronic,2018,ARTHDX,exact
ARTHDX,chronic,2019,ARTHDX,exact
ARTHDX,chronic,2020,ARTHDX,exact
ARTHDX,chronic,2021,ARTHDX,exact
ARTHDX,chronic,2022,ARTHDX,exact
ARTHDX,chronic,2023,ARTHDX,exact
CANCERDX,chronic,2008,CANCERDX,exact
CANCERDX,chronic,2009,CANCERDX,exact
CANCERDX,chronic,2010,CANCERDX,exact
CANCERDX,chronic,2011,CANCERDX,exact
CANCERDX,chronic,2012,CANCERDX,exact
CANCERDX,chronic,2013,CANCERDX,exact
CANCERDX,chronic,2014,CANCERDX,exact
CANCERDX,chronic,2015,CANCERDX,exact
CANCERDX,chronic,2016,CANCERDX,exact
CANCERDX,chronic,2017,CANCERDX,exact
CANCERDX,chronic,2018,CANCERDX,exact
CANCERDX,chronic,2019,CANCERDX,exact
CANCERDX,chronic,2020,CANCERDX,exact
CANCERDX,chronic,2021,CANCERDX,exact
CANCERDX,chronic,2022,CANCERDX,exact
CANCERDX,chronic,2023,CANCERDX,exact
ASTHDX,chronic,2007,ASTHDX,exact
ASTHDX,chronic,2008,ASTHDX,exact
ASTHDX,chronic,2009,ASTHDX,exact
ASTHDX,chronic,2010,ASTHDX,exact
ASTHDX,chronic,2011,ASTHDX,exact
ASTHDX,chronic,2012,ASTHDX,exact
ASTHDX,chronic,2013,ASTHDX,exact
ASTHDX,chronic,2014,ASTHDX,exact
ASTHDX,chronic,2015,ASTHDX,exact
ASTHDX,chronic,2016,ASTHDX,exact
ASTHDX,chronic,2017,ASTHDX,exact
ASTHDX,chronic,2018,ASTHDX,exact
ASTHDX,chronic,2019,ASTHDX,exact
ASTHDX,chronic,2020,ASTHDX,exact
ASTHDX,chronic,2021,ASTHDX,exact
ASTHDX,chronic,2022,ASTHDX,exact
ASTHDX,chronic,2023,ASTHDX,exact
EMPHDX,chronic,2007,EMPHDX,exact
EMPHDX,chronic,2008,EMPHDX,exact
EMPHDX,chronic,2009,EMPHDX,exact
EMPHDX,chronic,2010,EMPHDX,exact
EMPHDX,chronic,2011,EMPHDX,exact
EMPHDX,chronic,2012,EMPHDX,exact
EMPHDX,chronic,2013,EMPHDX,exact
EMPHDX,chronic,2014,EMPHDX,exact
EMPHDX,chronic,2015,EMPHDX,exact
EMPHDX,chronic,2016,EMPHDX,exact
EMPHDX,chronic,2017,EMPHDX,exact
EMPHDX,chronic,2018,EMPHDX,exact
EMPHDX,chronic,2019,EMPHDX,exact
EMPHDX,chronic,2020,EMPHDX,exact
EMPHDX,chronic,2021,EMPHDX,exact
EMPHDX,chronic,2022,EMPHDX,exact
EMPHDX,chronic,2023,EMPHDX,exact
CHOLDX,chronic,2007,CHOLDX,exact
CHOLDX,chronic,2008,CHOLDX,exact
CHOLDX,chronic,2009,CHOLDX,exact
CHOLDX,chronic,2010,CHOLDX,exact
CHOLDX,chronic,2011,CHOLDX,exact
CHOLDX,chronic,2012,CHOLDX,exact
CHOLDX,chronic,2013,CHOLDX,exact
CHOLDX,chronic,2014,CHOLDX,exact
CHOLDX,chronic,2015,CHOLDX,exact
CHOLDX,chronic,2016,CHOLDX,exact
CHOLDX,chronic,2017,CHOLDX,exact
CHOLDX,chronic,2018,CHOLDX,exact
CHOLDX,chronic,2019,CHOLDX,exact
CHOLDX,chronic,2020,CHOLDX,exact
CHOLDX,chronic,2021,CHOLDX,exact
CHOLDX,chronic,2022,CHOLDX,exact
CHOLDX,chronic,2023,CHOLDX,exact
